专业名称,专业热度,ID
交通管理工程,169881,1105
公安视听技术,206627,276
刑事科学技术,220904,956
安全防范工程,83583,601
抢险救援指挥与技术,346651,1
数据警务技术,51080,1298
核生化消防,89506,321
海警舰艇指挥与技术,25040,1297
消防工程,186082,1208
火灾勘查,101732,342
网络安全与执法,561700,184
食品药品环境犯罪侦查技术,40845,2638
人居环境科学与技术,58329,1273
历史建筑保护工程,169237,14
城乡规划,731629,308
城市设计,108504,2577
建筑学,1775535,906
智慧建筑与建造,69238,2578
风景园林,627152,803
水质科学与技术,100419,198
环保设备工程,416378,393
环境工程,928072,40
环境生态工程,525997,1037
环境科学,586317,172
环境科学与工程,430719,790
资源环境科学,201520,559
仿生科学与工程,149547,1289
增材制造工程,46382,2661
工业设计,1482860,791
应急装备技术与工程,59184,2710
微机电系统工程,480033,676
新能源汽车工程,267089,1286
智能交互设计,157278,2701
智能制造工程,452691,1287
智能车辆工程,174870,1288
机械工程,1262251,843
机械工艺技术,449118,718
机械电子工程,925014,1130
机械设计制造及其自动化,2986456,182
机电技术教育,144151,557
材料成型及控制工程,449545,1129
汽车服务工程,396439,46
汽车维修工程教育,159066,1187
车辆工程,1499175,808
过程装备与控制工程,413109,85
丝绸设计与工程,31953,1301
服装设计与工程,386762,137
服装设计与工艺教育,194319,1146
纺织工程,213095,47
非织造材料与工程,86512,763
光电信息材料与器件,19780,2671
冶金工程,237808,251
功能材料,403041,884
复合材料与工程,251795,88
复合材料成型工程,29754,1270
宝石及材料工艺学,275241,707
新能源材料与器件,484242,441
无机非金属材料工程,273254,826
智能材料与结构,52211,2561
材料化学,719169,61
材料物理,509546,871
材料科学与工程,958722,142
材料设计科学与工程,51820,1269
焊接技术与工程,205962,661
生物材料,0,2712
粉体材料科学与工程,121850,816
纳米材料与技术,470651,713
金属材料工程,267767,428
高分子材料与工程,697266,50
智能采矿工程,34120,2636
油气储运工程,198237,57
海洋油气工程,343234,519
石油工程,410815,811
矿物加工工程,157448,1102
矿物资源工程,76458,80
碳储科学与工程,545,2692
采矿工程,379056,575
交通工程,408895,262
交通设备与控制工程,477313,1140
交通运输,635533,89
救助与打捞工程,328907,714
智慧交通,91445,2653
智能运输工程,647,2686
航海技术,170057,922
船舶电子电气工程,481149,108
轨道交通电气与控制,122785,1300
轮机工程,282844,659
邮轮工程与管理,21226,1299
飞行技术,215491,472
人工智能,1451521,1308
信息工程,766983,673
光电信息科学与工程,968281,242
医学信息工程,295328,487
广播电视工程,215819,236
应用电子技术教育,127381,642
微电子科学与工程,762074,425
智能测控工程,81101,2655
柔性电子学,95319,2634
水声工程,438550,683
海洋信息工程,79552,2563
电信工程及管理,227462,950
电子信息工程,2518499,91
电子信息科学与技术,1163349,1307
电子封装技术,391904,943
电子科学与技术,1270572,379
电波传播与天线,381448,892
电磁场与无线技术,182377,343
通信工程,1750644,92
集成电路设计与集成系统,832700,283
无人驾驶航空器系统工程,114375,1284
智能飞行器技术,53208,2637
空天智能电推进技术,483,2696
航空航天工程,2690037,104
飞行器制造工程,200144,1060
飞行器动力工程,246217,522
飞行器控制与信息工程,60799,1283
飞行器环境与生命保障工程,80616,121
飞行器设计与工程,358002,970
飞行器质量与可靠性,427080,1226
飞行器运维工程,0,2674
飞行器适航技术,454514,135
智慧水利,613,2658
水利水电工程,391473,107
水利科学与工程,58530,1309
水务工程,118416,291
水文与水资源工程,207836,1117
港口航道与海岸工程,154874,1183
智能感知工程,188415,2560
测控技术与仪器,767535,109
精密仪器,105931,1313
家具设计与工程,104931,1282
木材科学与工程,113337,607
木结构建筑与材料,342,2697
林产化工,134474,992
森林工程,97143,112
工程物理,185575,842
核化工与核燃料工程,129491,119
核工程与核技术,365825,643
辐射防护与核安全,441517,1011
保密技术,118613,1276
信息安全,1087128,576
区块链工程,201402,2568
密码科学与技术,135239,2635
数字媒体技术,1742620,508
数据科学与大数据技术,1103837,1278
新媒体技术,248687,1277
智能科学与技术,620133,997
服务科学与工程,60101,2566
物联网工程,1381306,210
电子与计算机工程,937644,1160
电影制作,130654,1275
空间信息与数字技术,250685,809
网络工程,997334,129
网络空间安全,430100,1274
虚拟现实技术,216179,2567
计算机科学与技术,5565949,178
软件工程,3999147,450
合成生物学,64627,2579
生物制药,757053,168
生物工程,786046,157
制药工程,490271,1023
化学工程与工业生物工程,209781,949
化学工程与工艺,475633,162
化工安全工程,69353,1281
涂料工程,21933,1280
精细化工,73955,1279
能源化学工程,401959,624
资源循环科学与工程,386206,1145
农业工程,157656,312
农业建筑环境与能源工程,114100,753
农业智能装备工程,29765,2572
农业机械化及其自动化,197183,872
农业水利工程,124331,166
农业电气化,393351,407
土地整治工程,51535,1302
光源与照明,276864,226
智慧能源工程,967,2693
智能电网信息工程,645184,698
电动载运工程,0,2676
电机电器智能化,60941,1305
电气工程与智能控制,2931277,340
电气工程及其自动化,3959170,973
电缆工程,54565,1304
能源互联网工程,102582,2633
工业智能,96085,2565
智能工程与创意设计,73703,2711
智能装备与系统,98170,2564
机器人工程,452682,1290
核电技术与控制工程,76113,1292
自动化,1946638,237
轨道交通信号与控制,578583,1133
邮政工程,80484,1291
土木、水利与交通工程,65642,2569
土木、水利与海洋工程,75804,1294
土木工程,2174558,259
城市地下空间工程,170743,636
城市水系统工程,40509,2656
建筑环境与能源应用工程,681672,869
建筑电气与智能化,243124,1107
智能建造,192401,1295
智能建造与智慧交通,912,2663
给排水科学与工程,391417,972
道路桥梁与渡河工程,298829,372
铁道工程,114719,1296
储能科学与工程,155128,2562
可持续能源,28019,2699
新能源科学与工程,884780,934
氢能科学与工程,29884,2652
能源与动力工程,1170056,1114
能源与环境系统工程,266524,313
能源服务工程,44135,2632
乳品工程,425443,332
烹饪与营养教育,239247,507
白酒酿造工程,20294,2576
粮食工程,104648,705
葡萄与葡萄酒工程,177450,877
酿酒工程,192664,459
食品安全与检测,106370,1306
食品科学与工程,889286,577
食品营养与健康,90101,2574
食品营养与检验教育,130887,1029
食品质量与安全,463277,633
食用菌科学与工程,21966,2575
勘查技术与工程,208053,349
地下水科学与工程,153278,900
地质工程,313972,378
旅游地学与规划工程,40937,2570
智能地球探测,455,2667
资源勘查工程,245081,1139
资源环境大数据工程,487,2698
智慧海洋技术,789,2702
海洋工程与技术,368872,917
海洋机器人,52246,1310
海洋资源开发技术,450831,371
船舶与海洋工程,289748,1216
医工学,0,2677
地理国情监测,458723,989
地理空间信息工程,118088,1303
导航工程,399950,421
测绘工程,462876,417
遥感科学与技术,336956,866
工程力学,457014,554
理论与应用力学,338407,419
临床工程技术,75592,1285
假肢矫形工程,120627,440
康复工程,47718,2573
生物医学工程,651279,863
信息对抗技术,181970,942
弹药工程与爆炸技术,191639,555
探测制导与控制技术,116849,720
智能无人系统技术,69147,2571
武器发射工程,446360,1222
武器系统与工程,186963,692
特种能源技术与工程,477542,444
装甲车辆工程,418016,468
包装工程,217027,525
化妆品技术与工程,109828,1272
印刷工程,132945,1092
生物质能源与材料,517,2704
轻化工程,235105,1126
香料香精技术与工程,75629,1271
安全工程,441719,660
安全生产监管,0,2691
应急技术与管理,110252,1312
职业卫生工程,31943,1311
中国少数民族语言文学,131685,3
中国语言与文化,146885,1364
古典文献学,542722,330
应用语言学,361882,405
手语翻译,77440,1363
数字人文,0,2678
汉语国际教育,662306,859
汉语言,639014,963
汉语言文学,2457778,351
秘书学,561779,75
世界语,753268,1085
丹麦语,86197,117
乌克兰语,76324,957
乌兹别克语,324355,78
乌尔都语,48948,396
亚美尼亚语,20079,2007
俄语,492867,411
保加利亚语,48190,921
僧伽罗语,389495,424
克罗地亚语,55889,600
克里奥尔语,24584,2015
冰岛语,157863,513
切瓦语,20033,2027
加泰罗尼亚语,20244,2549
匈牙利语,61951,825
卢旺达语,15235,2026
卢森堡语,20308,2003
印地语,57074,833
印度尼西亚语,58708,597
吉尔吉斯语,16674,2547
哈萨克语,345528,183
商务英语,773102,671
土库曼语,23206,2548
土耳其语,86626,439
塔吉克语,21417,2550
塔玛齐格特语,30205,2021
塞尔维亚语,81884,517
塞苏陀语,21257,2028
孟加拉语,78808,1111
尼泊尔语,70921,664
希伯来语,404594,229
希腊语,403089,197
库克群岛毛利语,13787,2556
库尔德语,13570,2018
德语,377267,925
德顿语,16648,2023
恩德贝莱语,22117,2013
意大利语,136589,627
拉丁语,329273,909
拉脱维亚语,434017,794
挪威语,96197,495
捷克语,69773,640
提格雷尼亚语,18747,2017
斐济语,25168,2555
斯洛伐克语,437542,185
斯洛文尼亚语,325260,146
斯瓦希里语,56639,996
旁遮普语,21631,2020
日语,985635,985
普什图语,213527,136
朝鲜语,227852,171
柬埔寨语,45192,445
格鲁吉亚语,15825,2009
桑戈语,98781,2029
梵语巴利语,147291,773
比斯拉马语,25149,2554
毛利语,13302,2551
汤加语,22288,2552
法语,683147,33
波兰语,72320,981
波斯语,127046,269
泰米尔语,72984,1213
泰语,95005,134
爪哇语,35884,2019
爱尔兰语,347208,776
爱沙尼亚语,346684,712
瑞典语,102805,1015
白俄罗斯语,25117,2001
皮金语,24212,2558
祖鲁语,348465,59
科摩罗语,13447,2014
立陶宛语,413994,447
索马里语,16425,2005
约鲁巴语,21119,2006
纽埃语,18341,2557
绍纳语,13164,2016
缅甸语,62029,979
罗马尼亚语,62159,561
翻译,591666,938
老挝语,49070,305
芬兰语,87290,520
英语,4315562,593
茨瓦纳语,19252,2012
荷兰语,92183,1181
菲律宾语,45351,1205
萨摩亚语,21150,2553
葡萄牙语,98246,819
蒙古语,60134,54
西班牙语,444067,220
语言学,87949,2000
豪萨语,88242,780
越南语,61872,1050
达里语,14217,2022
迪维希语,24249,2024
阿塞拜疆语,16250,2010
阿姆哈拉语,21155,2004
阿尔巴尼亚语,60783,1108
阿拉伯语,207561,492
阿非利卡语,17101,2011
隆迪语,18631,2025
马其顿语,17060,2002
马来语,52733,529
马耳他语,348935,279
马达加斯加语,14389,2008
会展,96437,2559
传播学,757953,1224
国际新闻与传播,187675,1362
广告学,788774,538
广播电视学,703852,423
数字出版,507384,879
新闻学,1516240,362
时尚传播,104104,1361
编辑出版学,647799,116
网络与新媒体,1520323,1123
休闲体育,436089,565
体育教育,882054,435
体育旅游,54732,1353
体能训练,42526,1350
冰雪运动,37913,1354
智能体育工程,51748,1352
武术与民族传统体育,412814,489
电子竞技运动与管理,225831,1351
社会体育指导与管理,451026,311
运动人体科学,165027,679
运动康复,607522,4
运动能力开发,35312,2546
运动训练,178776,505
人文教育,638187,99
劳动教育,9935,2705
华文教育,365342,484
卫生教育,119480,1323
孤独症儿童教育,0,2687
学前教育,1540142,79
家庭教育,0,2688
小学教育,1915825,49
教育学,1633025,946
教育康复学,126846,1321
教育技术学,422070,346
特殊教育,592769,138
科学教育,500751,701
艺术教育,352579,126
融合教育,79118,2628
认知科学与技术,77571,1322
劳动经济学,173701,1317
商务经济学,3315526,147
国民经济管理,683052,818
数字经济,395140,1315
经济学,2475397,502
经济工程,209096,1316
经济统计学,694546,19
能源经济,689681,341
资源与环境经济学,2346321,189
互联网金融,301647,1320
保险学,254811,430
信用管理,401724,86
投资学,833903,239
精算学,504982,1319
经济与金融,824754,563
金融学,2254679,1239
金融审计,0,2708
金融工程,1684182,596
金融数学,801580,523
金融科技,234552,1318
国际税收,25167,2713
税收学,612847,1142
财政学,1329208,90
国际经济与贸易,926993,438
国际经济发展合作,21221,2664
贸易经济,524267,1079
农学,787103,274
农艺教育,127936,878
农药化肥,24640,2582
园艺,534162,524
园艺教育,103028,512
应用生物科学,221272,772
智慧农业,129662,2580
植物保护,273869,620
植物科学与技术,217364,352
烟草,404668,886
生物农药科学与工程,25151,2654
生物育种科学,646,2695
种子科学与工程,246926,25
茶学,251185,328
菌物科学与工程,36690,2581
设施农业科学与工程,203671,731
水产养殖学,212897,65
水族科学与技术,94124,821
水生动物医学,50986,1357
海洋渔业科学与技术,152096,1223
中兽医学,115727,1355
兽医公共卫生,39168,2648
动植物检疫,126507,295
动物医学,887539,481
动物药学,198778,945
实验动物学,47180,1356
园林,482802,765
智慧林业,527,2659
林学,257488,793
森林保护,414544,710
经济林,23967,1358
农业资源与环境,216089,751
国家公园建设与管理,0,2684
土地科学与技术,30788,2707
水土保持与荒漠化防治,185302,1120
湿地保护与恢复,449,2700
生物质科学与工程,48451,2583
野生动物与自然保护区管理,212601,1004
草业科学,163078,836
草坪科学与工程,31655,2584
动物科学,404998,1234
智慧牧业科学与工程,24236,2640
经济动物学,48761,1359
蚕学,124415,1235
蜂学,97159,1101
饲料工程,25120,2639
马业科学,48777,1360
法医学,881971,29
全球健康学,449988,403
卫生监督,509571,1121
妇幼保健医学,319603,66
运动与公共健康,50045,2641
预防医学,737299,1172
食品卫生与营养学,524555,544
中草药栽培与鉴定,167839,69
中药制药,369923,1010
中药学,605316,1013
中药资源与开发,109732,1098
蒙药学,76476,969
藏药学,62190,603
临床医学,6817111,694
儿科学,284887,1374
医学影像学,1708031,93
放射医学,323483,967
眼视光医学,938998,473
精神医学,665382,756
麻醉学,1441547,380
临床药学,627733,114
化妆品科学与技术,106356,1372
海洋药学,146439,552
药事管理,181243,801
药学,1299412,800
药物分析,376590,571
药物制剂,302320,736
药物化学,399503,1137
中西医临床医学,737919,196
中医儿科学,108853,1370
中医养生学,157841,1371
中医学,1993189,760
中医康复学,183091,1369
中医骨伤科学,147486,1367
傣医学,24370,2585
哈医学,466218,1024
回医学,31335,1368
壮医学,358924,978
维医学,85377,908
蒙医学,98558,257
藏医学,119537,1062
针灸推拿学,455578,1059
医学实验技术,523079,1238
医学影像技术,753384,528
医学检验技术,807521,1057
卫生检验与检疫,427260,386
口腔医学技术,598261,1151
听力与言语康复学,422130,1031
康复作业治疗,42278,1376
康复治疗学,522933,1150
康复物理治疗,74057,1377
智能医学工程,272516,1375
智能影像工程,64608,2657
生物医药数据科学,57395,2642
眼视光学,318837,990
基础医学,1549966,457
生物医学,548959,1366
生物医学科学,326156,1365
助产学,187258,1373
护理学,2327134,851
口腔医学,2906694,1052
军事海洋学,269773,173
海洋技术,172972,1383
海洋科学,387759,31
海洋资源与环境,439768,307
声学,197604,331
应用物理学,861806,988
核物理,436885,55
物理学,1205474,329
量子信息科学,208646,2630
应用统计学,754845,76
数据科学,4862,2680
生物统计学,0,2694
统计学,858770,888
古生物学,571912,366
地球信息科学与技术,229693,177
地球化学,121737,106
地质学,360748,235
人文地理与城乡规划,863783,194
地理信息科学,1039601,1153
地理科学,1100531,1144
自然地理与资源环境,713878,1197
分子科学与工程,267209,1071
化学,1130301,829
化学测量学与技术,60901,2662
化学生物学,547013,510
应用化学,807889,319
能源化学,184863,1381
资源化学,0,2673
应用心理学,1385024,336
心理学,2303576,326
天文学,832999,422
整合科学,93772,1385
生态学,347499,494
生物信息学,409934,1194
生物技术,1154916,899
生物科学,1408857,688
神经科学,158260,1384
信息与计算科学,1739272,931
数学与应用数学,1875557,959
数据计算及应用,355333,1382
数理基础科学,452502,730
地球物理学,316209,838
空间科学与技术,212980,968
行星科学,15295,2672
防灾减灾科学与工程,94085,1380
地球系统科学,0,2689
大气科学,469915,1083
应用气象学,466145,1099
气象技术与工程,115904,2631
系统科学与工程,195813,1378
民族学,305365,34
人类学,235015,35
女性学,443503,1177
家政学,243249,744
社会学,742893,723
社会工作,408957,381
社会政策,50542,2649
老年学,109335,2545
国际事务与国际关系,210398,52
国际政治,353687,894
国际组织与全球治理,84410,1386
外交学,530189,36
政治学、经济学与哲学,583824,574
政治学与行政学,396347,951
信用风险管理与法律防控,148888,1388
司法警察学,411768,1390
司法鉴定学,0,2690
国际法,0,2709
国际经贸规则,145629,1391
法学,3865762,115
监狱学,803102,175
知识产权,759338,105
社区矫正,117193,1389
纪检监察,55841,2714
中国共产党历史,172733,1067
工会学,0,2715
思想政治教育,367138,150
科学社会主义,198884,767
马克思主义理论,246188,1387
侦查学,824677,1073
公安情报学,208876,181
公安政治工作,69404,1393
公安管理学,302245,383
出入境管理,73984,1395
反恐警务,44809,2627
国内安全保卫,468247,526
技术侦查学,74488,1394
治安学,341328,167
海警执法,44812,1396
消防指挥,145570,285
消防政治工作,43133,2647
涉外警务,410183,309
犯罪学,478275,939
禁毒学,224971,354
移民管理,65554,1392
经济犯罪侦查,166065,1028
警务指挥与战术,443916,1116
警卫学,217570,1065
警犬技术,223849,152
边防指挥,104557,658
边防管理,148550,1233
铁路警务,21653,2703
乡村治理,0,2681
农村区域发展,145980,1230
农林经济管理,230561,44
人力资源管理,948232,625
会计学,1964539,1225
体育经济与管理,467609,584
创业管理,46108,2665
劳动关系,109308,637
国际商务,432359,395
审计学,857063,139
工商管理,1936221,896
市场营销,1728150,1115
市场营销教育,107786,360
文化产业管理,592694,214
海关稽查,1152,2685
物业管理,218431,587
财务会计教育,206916,1086
财务管理,1131674,1165
资产评估,300258,1220
零售业管理,27986,1261
保密管理,520357,841
信息管理与信息系统,985683,728
大数据管理与应用,535847,1268
工程审计,130830,1265
工程管理,1055635,252
工程造价,1596960,359
应急管理,113652,2586
房地产开发与管理,544662,192
管理科学,632260,1122
计算金融,120797,1266
邮政管理,75200,1267
会展经济与管理,480395,211
旅游管理,810510,418
旅游管理与服务教育,141308,204
酒店管理,529112,233
交通管理,389669,1143
健康服务与管理,184887,1262
公共事业管理,689512,1125
公共关系学,228669,476
养老服务管理,70578,2588
劳动与社会保障,291320,368
医疗产品管理,44606,1263
医疗保险,30685,2587
土地资源管理,264289,465
城市管理,209959,912
慈善管理,374,2660
无障碍管理,0,2679
海事管理,123840,582
海关检验检疫安全,55041,2643
海关管理,462576,1228
海外安全管理,32167,2644
海警后勤管理,22560,1264
自然资源登记与管理,30870,2645
航空安防管理,0,2675
行政管理,773413,1058
电子商务,1201547,414
电子商务及法律,344524,953
跨境电子商务,91856,2589
供应链管理,135672,1260
物流工程,260655,1097
物流管理,952016,847
采购管理,349448,542
信息资源管理,255604,1179
图书馆学,310054,757
档案学,377156,758
工业工程,401743,1051
标准化工程,359638,971
质量管理工程,394950,788
动画,584095,141
广播电视编导,655357,840
录音艺术,216235,337
影视技术,63183,1259
影视摄影与制作,636302,810
戏剧学,149777,716
戏剧影视导演,392523,527
戏剧影视文学,286788,70
戏剧影视美术设计,258569,1212
戏剧教育,19363,1258
播音与主持艺术,743767,234
曲艺,324,2682
电影学,527568,1204
表演,316106,572
音乐剧,422,2683
中国画,477379,504
书法学,365536,390
实验艺术,76688,1253
摄影,320147,156
文物保护与修复,109260,1254
漫画,140750,1255
科技艺术,355,2651
纤维艺术,27509,2669
绘画,307765,1171
美术学,764701,488
美术教育,7415,2670
跨媒体艺术,83357,1256
雕塑,141455,786
产品设计,674792,264
公共艺术,436350,902
包装设计,82617,1250
工艺美术,471078,1072
数字媒体艺术,649928,983
新媒体艺术,141515,1252
服装与服饰设计,528615,1185
环境设计,769239,935
珠宝首饰设计与工艺,877,2666
艺术与科技,384137,431
艺术设计学,1006050,986
视觉传达设计,977734,515
陶瓷艺术设计,43694,1251
作曲与作曲技术理论,135836,941
流行舞蹈,36919,1248
流行音乐,68177,1247
舞蹈学,179633,905
舞蹈教育,71271,1249
舞蹈编导,150546,638
舞蹈表演,532870,373
航空服务艺术与管理,136466,1246
音乐学,528814,1237
音乐教育,72089,2650
音乐治疗,67451,1245
音乐表演,504911,635
艺术史论,491876,926
艺术管理,195040,1257
非物质文化遗产保护,106516,2646
世界史,581898,436
历史学,1442856,1157
古文字学,90048,2629
外国语言与外国历史,530366,1175
文化遗产,153992,1244
文物与博物馆学,800873,682
文物保护技术,493007,282
科学史,10009,2668
考古学,1155885,995
伦理学,704940,987
哲学,2441690,681
宗教学,601416,1110
逻辑学,1065284,1027
未来机器人,0,2706
