院校名称,院校ID
北京工业大学,1221
北京大学,305
内蒙古大学,790
大连海事大学,1057
哈尔滨工业大学,471
云南大学,1151
长安大学,420
西北大学,418
北京交通大学,421
北京外国语大学,736
中央音乐学院,691
河北工业大学,739
武汉大学,308
北京林业大学,1216
湖南大学,410
中央民族大学,1213
中国人民大学,309
北京航空航天大学,477
北京邮电大学,1149
北京中医药大学,444
辽宁大学,792
西南交通大学,1145
北京师范大学,315
对外经济贸易大学,1218
河北大学,791
河北科技大学,467
河北经贸大学,1170
西安电子科技大学,6
湖南师范大学,4
南开大学,316
天津大学,475
中国海洋大学,1142
郑州大学,9
合肥工业大学,2
滨州医学院,378
德州学院,33
中国科学技术大学,313
安徽大学,784
安徽理工大学,396
安徽工业大学,456
安徽农业大学,1237
济南大学,169
安徽医科大学,1103
同济大学,469
新疆大学,780
上海交通大学医学院,705
上海大学,14
南京航空航天大学,1
天津医科大学,450
天津师范大学,439
天津工业大学,164
天津理工大学,407
天津科技大学,1240
天津财经大学,1231
天津商业大学,170
江南大学,783
天津外国语大学,840
中国民航大学,465
天津中医药大学,394
天津职业技术师范大学,1083
天津城建大学,1080
天津体育学院,507
天津农学院,1088
天津音乐学院,2357
天津美术学院,231
广西大学,1219
兰州大学,413
华南师范大学,10
四川大学,318
四川农业大学,743
西南财经大学,11
厦门大学,473
福州大学,1215
中山大学,317
华南理工大学,409
暨南大学,1147
西北工业大学,408
南昌大学,12
东南大学,474
中国矿业大学,4215
南京大学,312
南京理工大学,1143
南京农业大学,1137
浙江大学,310
南京师范大学,1138
河海大学,7
中国药科大学,734
苏州大学,5
重庆大学,476
中国石油大学(华东),1144
中国地质大学(武汉),422
吉林大学,314
中南大学,470
哈尔滨工程大学,1139
上海交通大学,311
山东大学,472
华中科技大学,319
武汉理工大学,419
延边大学,720
上海财经大学,1148
华东师范大学,478
复旦大学,307
华东理工大学,1141
东北大学,479
东华大学,13
上海外国语大学,1058
东北农业大学,1050
大连理工大学,482
太原理工大学,788
清华大学,306
东北师范大学,416
北京理工大学,480
北京科技大学,417
南京工程学院,958
南京晓庄学院,955
常州工学院,39
南京艺术学院,603
江苏理工学院,209
南京审计大学,1200
淮阴工学院,947
盐城师范学院,125
盐城工学院,355
常州大学,1171
华东交通大学,823
徐州医科大学,751
杭州电子科技大学,448
南京邮电大学,167
江苏科技大学,891
南京中医药大学,155
苏州科技大学,1206
南京财经大学,831
江西理工大学,1098
南京信息工程大学,459
江苏师范大学,146
南京医科大学,729
南京林业大学,726
江苏大学,742
南京工业大学,785
江西农业大学,147
扬州大学,452
江西师范大学,1061
江西财经大学,724
东华理工大学,884
南昌航空大学,1096
重庆医科大学,727
重庆师范大学,461
西南政法大学,442
南京体育学院,109
景德镇陶瓷大学,890
重庆邮电大学,150
江西中医药大学,761
上饶师范学院,222
重庆理工大学,826
辽东学院,997
赣南师范大学,1201
江西科技师范大学,845
长江师范学院,618
宜春学院,943
四川外国语大学,799
九江学院,628
赣南医科大学,4217
四川美术学院,236
井冈山大学,202
重庆三峡学院,1089
石河子大学,443
鲁迅美术学院,1437
中国刑事警察学院,1038
沈阳医学院,36
沈阳体育学院,76
鞍山师范学院,531
辽宁中医药大学,271
沈阳音乐学院,1832
锦州医科大学,1258
大连民族大学,757
沈阳航空航天大学,888
大连海洋大学,488
大连工业大学,1175
沈阳建筑大学,1100
辽宁工业大学,660
渤海大学,756
沈阳化工大学,492
大连外国语大学,971
沈阳理工大学,671
大连大学,493
大连医科大学,1095
大连交通大学,827
沈阳师范大学,273
辽宁科技大学,265
辽宁石油化工大学,848
沈阳大学,850
辽宁师范大学,1094
沈阳药科大学,457
沈阳工业大学,397
沈阳农业大学,166
东北财经大学,438
中国医科大学,1049
西南民族大学,270
成都理工大学,449
新疆农业大学,153
新疆医科大学,143
新疆师范大学,1101
喀什大学,846
新疆财经大学,490
新疆艺术学院,2749
昌吉学院,619
宁波大学,165
浙江师范大学,789
浙江工业大学,781
浙江理工大学,398
嘉兴大学,4218
西华大学,1174
浙江科技大学,4219
中国计量大学,1093
浙江海洋大学,172
浙江农林大学,893
浙江中医药大学,181
温州医科大学,401
杭州师范大学,402
湖州师范学院,134
台州学院,994
绍兴文理学院,754
温州大学,895
浙江工商大学,1229
浙江财经大学,894
中国美术学院,113
浙江万里学院,1090
山西大学,1226
西南科技大学,1106
成都中医药大学,1236
四川师范大学,1227
西华师范大学,261
中国民用航空飞行学院,844
西南石油大学,395
山西农业大学,1169
成都信息工程大学,28
山西医科大学,1181
山西师范大学,830
四川轻化工大学,1208
西南医科大学,1082
山西财经大学,824
川北医学院,1261
中北大学,1060
太原科技大学,268
长治医学院,946
忻州师范学院,138
山西大同大学,299
太原师范学院,944
汕头大学,1059
深圳大学,787
五邑大学,203
广东工业大学,160
华南农业大学,1220
广东海洋大学,667
广州中医药大学,1062
广东外语外贸大学,1234
东莞理工学院,842
广东石油化工学院,218
广州大学,730
广东医科大学,1199
广州医科大学,1173
广东药科大学,1207
韩山师范学院,133
韶关学院,379
岭南师范学院,634
惠州学院,207
嘉应学院,1084
广东财经大学,835
广州体育学院,189
广州美术学院,1130
星海音乐学院,2157
佛山科学技术学院,301
上海理工大学,447
上海工程技术大学,1168
上海海洋大学,1233
上海中医药大学,722
上海师范大学,745
上海第二工业大学,1257
上海海事大学,454
安徽师范大学,441
上海应用技术大学,663
安徽工程大学,758
上海电力大学,1180
上海对外经贸大学,889
上海立信会计金融学院,201
安徽建筑大学,1211
华东政法大学,158
上海体育大学,2534
皖南医学院,624
上海音乐学院,1030
上海戏剧学院,279
淮北师范大学,659
上海杉达学院,930
西安交通大学,468
安徽科技学院,132
西北农林科技大学,3
淮南师范学院,999
陕西师范大学,1214
安徽财经大学,453
延安大学,1202
皖西学院,584
合肥大学,4220
巢湖学院,594
铜陵学院,221
黄山学院,37
昆明理工大学,445
云南农业大学,466
云南师范大学,405
云南民族大学,142
西南林业大学,968
昆明医科大学,1179
云南中医药大学,1259
西安理工大学,746
玉溪师范学院,389
西安建筑科技大学,1051
西安科技大学,1228
楚雄师范学院,614
西安石油大学,1167
红河学院,629
云南财经大学,833
陕西科技大学,1092
西安工程大学,670
云南警官学院,59
云南艺术学院,2543
西安工业大学,171
大理大学,131
西安邮电大学,967
西藏大学,1052
陕西中医药大学,361
咸阳师范学院,538
青海大学,1048
渭南师范学院,1183
宝鸡文理学院,530
青海师范大学,661
陕西理工大学,292
青海民族大学,176
西安外国语大学,487
北华大学,1177
西安财经大学,485
西北政法大学,462
长春大学,174
西安体育学院,70
长春理工大学,1054
西安音乐学院,2109
长春工业大学,1235
西安美术学院,288
西安培华学院,875
吉林农业大学,1097
湘潭大学,451
吉首大学,266
长春师范大学,1268
湖南科技大学,144
长沙理工大学,156
吉林师范大学,1172
南华大学,1241
湖南农业大学,1056
东北电力大学,1232
长春工程学院,1263
吉林建筑大学,1081
湖南理工学院,950
湖南城市学院,953
湖南工业大学,662
湖南工程学院,1198
吉林化工学院,274
中南林业科技大学,1105
湖南中医药大学,262
湘南学院,219
长春中医药大学,669
吉林工程技术师范学院,40
衡阳师范学院,1271
湖南工商大学,1267
通化师范学院,534
湖南科技学院,136
白城师范学院,630
吉林外国语大学,602
吉林财经大学,173
吉林体育学院,976
中南财经政法大学,8
湖南文理学院,205
怀化学院,540
华中农业大学,1140
邵阳学院,293
东北林业大学,1225
华中师范大学,481
黑龙江大学,737
佳木斯大学,959
中南民族大学,404
齐齐哈尔大学,178
湖北大学,744
哈尔滨理工大学,732
黑龙江八一农垦大学,750
长江大学,1104
哈尔滨医科大学,748
江汉大学,348
三峡大学,1102
武汉纺织大学,460
湖北工业大学,151
武汉工程大学,897
湖北汽车工业学院,852
武汉轻工大学,664
湖北中医药大学,491
湖北医药学院,35
湖北师范大学,617
黄冈师范学院,208
黑龙江中医药大学,149
牡丹江师范学院,362
湖北工程学院,1091
哈尔滨商业大学,828
湖北经济学院,1262
东北石油大学,393
哈尔滨学院,539
武汉体育学院,1134
黑龙江工程学院,965
黑龙江科技大学,497
湖北美术学院,377
湖北民族大学,213
牡丹江医学院,388
齐齐哈尔医学院,998
武汉音乐学院,2651
黑龙江东方学院,858
湖北科技学院,294
郑州轻工业大学,486
河南大学,440
河南科技大学,887
湖北文理学院,945
河南农业大学,723
河南理工大学,731
华北水利水电大学,1176
华侨大学,725
河南工业大学,406
福建农林大学,741
黄河科技学院,871
西藏民族大学,272
集美大学,832
仰恩大学,326
福建师范大学,1224
福建理工大学,4103
泉州师范学院,381
闽南师范大学,206
闽江学院,128
莆田学院,635
郑州航空工业管理学院,620
西北民族大学,180
中原工学院,763
新乡医学院,851
兰州理工大学,399
洛阳师范学院,211
周口师范学院,1187
南阳师范学院,352
兰州交通大学,162
商丘师范学院,749
河南财经政法大学,183
青岛农业大学,759
甘肃农业大学,464
许昌学院,995
聊城大学,753
西北师范大学,735
临沂大学,962
甘肃中医药大学,839
青岛大学,728
兰州财经大学,849
甘肃政法大学,4105
河西学院,127
海南大学,786
内蒙古科技大学,829
内蒙古民族大学,755
青岛科技大学,159
内蒙古工业大学,145
青岛理工大学,154
曲阜师范大学,140
海南师范大学,834
海南医学院,1270
贵州师范大学,883
贵州医科大学,184
贵州民族大学,673
内蒙古农业大学,403
遵义医科大学,843
内蒙古师范大学,1239
贵州财经大学,489
贵州中医药大学,483
黔南民族师范学院,988
遵义师范学院,1005
内蒙古医科大学,963
山东工商学院,200
山东工艺美术学院,1636
山东建筑大学,264
内蒙古财经大学,1203
广西医科大学,148
广西师范大学,1053
桂林电子科技大学,455
桂林理工大学,1099
山东交通学院,1085
山东财经大学,458
广西科技大学,1087
山东科技大学,719
桂林医学院,969
玉林师范学院,356
山东理工大学,825
南宁师范大学,1260
山东农业大学,1055
广西民族大学,463
宁夏大学,738
北方民族大学,495
宁夏医科大学,269
齐鲁工业大学,1205
山东体育学院,2289
山东艺术学院,775
泰山学院,229
山东第一医科大学,1204
潍坊学院,627
山东第二医科大学,4221
烟台大学,896
鲁东大学,179
北京化工大学,15
中国农业大学,411
中国传媒大学,794
北京城市学院,801
北方工业大学,175
中央戏剧学院,366
北京电影学院,66
中央美术学院,120
北京电子科技学院,32
中央财经大学,1212
北京服装学院,960
中华女子学院,621
中国政法大学,1150
北京工商大学,1230
中国音乐学院,1977
北京建筑大学,260
北京协和医学院,415
中国戏曲学院,1926
北京联合大学,494
中国人民公安大学,797
北京农学院,1210
中国劳动关系学院,622
北京石油化工学院,1269
外交学院,182
首钢工学院,1192
首都医科大学,779
北京舞蹈学院,2501
北京物资学院,1265
首都体育学院,1516
首都师范大学,1223
北京印刷学院,214
华北电力大学保定校区,4222
北京语言大学,157
国际关系学院,672
河北师范大学,721
河北医科大学,4225
华北理工大学,267
河北农业大学,733
燕山大学,778
承德医学院,297
河北北方学院,44
河北工程大学,177
河北建筑工程学院,992
华北科技学院,359
河北地质大学,668
石家庄铁道大学,885
唐山学院,296
邢台学院,252
中国人民警察大学,1153
中央司法警官学院,873
山东师范大学,740
唐山师范学院,1079
廊坊师范学院,392
河北体育学院,283
衡水学院,257
石家庄学院,954
邯郸学院,1186
广州工商学院,813
广东东软学院,2496
深圳职业技术大学,4226
保定学院,1004
沧州师范学院,1191
防灾科技学院,616
上海海关学院,210
河北美术学院,110
电子科技大学,414
上海建桥学院,937
上海立达学院,2306
上海兴伟学院,2721
北华航天工业学院,951
河北水利电力学院,2282
河北石油职业技术大学,4106
河北民族师范学院,991
河北金融学院,349
河北科技工程职业技术大学,4107
河北工业职业技术大学,4108
上海中侨职业技术大学,4109
哈尔滨金融学院,295
河北工程技术学院,982
河北外国语学院,561
哈尔滨信息工程学院,1315
黑龙江工业学院,990
齐齐哈尔工程学院,1705
成都工业学院,135
成都东软学院,1072
成都艺术职业大学,4110
四川旅游学院,258
四川民族学院,906
阿坝师范学院,1928
辽宁工程技术大学,163
南通大学,152
四川文理学院,256
四川工业科技学院,1556
武汉商学院,902
汉江师范学院,1734
首都师范大学科德学院,857
吉利学院,4111
中国地质大学(北京),879
华北电力大学,4227
中国石油大学(北京),430
河南师范大学,400
安阳工学院,383
南阳理工学院,298
天津中德应用技术大学,985
西安外事学院,802
西安思源学院,935
北京体育大学,870
南昌工程学院,838
南昌理工学院,437
江西科技学院,804
豫章师范学院,1525
河南中医药大学,1178
江西警察学院,923
首都经济贸易大学,747
信阳师范大学,496
安阳师范学院,380
北京信息科技大学,665
平顶山学院,38
河南科技学院,1086
黄淮学院,384
郑州警察学院,613
萍乡学院,249
景德镇学院,259
新余学院,1007
河南工学院,868
南昌职业大学,2164
山西中医药大学,302
运城学院,593
晋中学院,1000
江西应用科技学院,1700
西昌学院,253
攀枝花学院,385
西南大学,1146
贵州大学,446
海军军医大学,4229
中国人民解放军空军军医大学,1034
中国人民解放军国防科技大学,4230
江西工程学院,2419
南方医科大学,782
肇庆学院,354
广东警官学院,321
广东技术师范大学,263
广东培正学院,569
广东白云学院,866
广州航海学院,1190
广东工商职业技术大学,1797
广东理工学院,1314
广州科技职业技术大学,1117
中国矿业大学(北京),55
武汉科技大学,161
重庆科技大学,4231
上海商学院,139
上海政法学院,1264
大庆师范学院,225
吉林农业科技学院,215
重庆交通大学,1238
福建医科大学,837
福建中医药大学,666
蚌埠医科大学,4232
阜阳师范大学,1078
安庆师范大学,1077
湖北理工学院,993
湖北警官学院,1028
长沙学院,42
广东金融学院,762
右江民族医学院,390
广西中医药大学,964
河池学院,1009
伊犁师范大学,587
重庆文理学院,212
沈阳工程学院,351
赤峰学院,291
西安文理学院,590
昆明学院,908
黑河学院,533
广西财经学院,972
吉林医药学院,541
金陵科技学院,137
徐州工程学院,625
湖北经济学院法商学院,58
厦门理工学院,847
哈尔滨师范大学,168
绥化学院,290
淮阴师范学院,303
南京工业职业技术大学,4112
浙江传媒学院,798
辽宁科技学院,637
湖南人文科技学院,957
贵阳学院,1195
重庆工商大学,886
成都医学院,220
文华学院,429
绵阳师范学院,357
内江师范学院,304
宜宾学院,592
乐山师范学院,970
成都体育学院,1018
曲靖师范学院,596
榆林学院,1194
塔里木大学,484
上海电机学院,204
西藏藏医药大学,227
陇东学院,631
天水师范学院,948
广州南方学院,4113
武汉华夏理工学院,56
西安航空学院,597
武昌首义学院,929
汉口学院,196
北京工商大学嘉华学院,865
北京工业大学耿丹学院,509
郑州经贸学院,4114
北京邮电大学世纪学院,939
江苏警官学院,328
三峡大学科技学院,62
郑州财经学院,1131
中国矿业大学徐海学院,57
电子科技大学成都学院,426
中南林业科技大学涉外学院,87
太原工业学院,640
南京警察学院,517
南京特殊教育师范学院,515
山东中医药大学,892
南京理工大学泰州科技学院,521
武汉工程科技学院,2637
东南大学成贤学院,511
郑州师范学院,1012
郑州工商学院,872
山西医科大学汾阳学院,2889
武昌理工学院,508
湖北医药学院药护学院,2287
武汉东湖学院,506
空军预警学院,4233
商丘工学院,1023
辽宁理工学院,503
保定理工学院,433
武汉学院,1043
宿迁学院,695
武汉城市学院,4115
洛阳理工学院,31
三江学院,933
宿州学院,1006
常熟理工学院,595
西安翻译学院,881
西京学院,436
湖南涉外经济学院,860
宁波工程学院,391
南京财经大学红山学院,1154
安徽中医药大学,966
信阳农林学院,643
山东警察学院,676
山东航空学院,4235
武警后勤学院,4236
辽宁警察学院,765
武警工程大学,4237
集美大学诚毅学院,934
上海师范大学天华学院,61
宁波诺丁汉大学,1041
北京大学医学部,717
东北大学秦皇岛分校,711
山东大学(威海),4238
香港中文大学,2548
香港城市大学,1595
中国人民解放军战略支援部队信息工程大学,1677
解放军国际关系学院,4239
中国人民解放军西安通信学院,2849
陆军勤务学院,4240
中国人民解放军陆军军医大学,544
陆军装甲兵学院,4241
空军工程大学,4242
火箭军工程大学,4243
重庆人文科技学院,928
香港科技大学,1453
香港大学,2364
贵州工程应用技术学院,912
济宁医学院,382
宁夏师范学院,537
呼伦贝尔学院,224
长沙医学院,427
辽宁对外经贸学院,1035
青岛滨海学院,599
枣庄学院,1185
滁州学院,585
海南热带海洋学院,529
龙岩学院,1188
梧州学院,1189
百色学院,532
陆军军事交通学院,4244
丽水学院,1209
北部湾大学,1001
长治学院,223
河北科技师范学院,841
贺州学院,245
三明学院,956
商洛学院,254
安康学院,542
菏泽学院,1013
西安医学院,360
铜仁学院,901
安顺学院,1196
凯里学院,1016
兰州城市学院,1014
香港演艺学院,1626
澳门理工大学,4116
长春科技学院,682
北京师范大学-香港浸会大学联合国际学院,1046
吉林师范大学博达学院,777
昆明医科大学海源学院,2042
山东政法学院,43
昆明城市学院,4117
武汉体育学院体育科技学院,1255
广州新华学院,4118
香港理工大学,2864
大连工业大学艺术与信息工程学院,93
吉林艺术学院,2003
广州应用科技学院,4119
北京理工大学珠海学院,876
上海外国语大学贤达经济人文学院,52
大连理工大学城市学院,869
黄河交通学院,981
广州软件学院,4120
陆军防化学院,4245
解放军陆军航空兵学院,244
中国人民解放军战略支援部队航天工程大学,2537
陆军工程大学,1490
长春电子科技学院,4121
武汉纺织大学外经贸学院,1025
中国人民解放军海军航空大学,684
河南工程学院,589
河南开封科技传媒学院,4122
黑龙江外国语学院,498
三亚学院,874
西交利物浦大学,1161
四川警察学院,1136
湖北第二师范学院,45
浙江水利水电学院,358
吉林动画学院,1494
广西艺术学院,1502
四川音乐学院,702
河北传媒学院,505
海口经济学院,611
四川工商学院,1047
燕京理工学院,806
青岛城市学院,4123
北京中医药大学东方学院,941
河北地质大学华信学院,1783
无锡学院,4124
河北师范大学汇华学院,1158
长春建筑学院,500
西安财经大学行知学院,324
长春工业大学人文信息学院,1125
河南警察学院,1129
南开大学滨海学院,428
海南科技职业大学,1550
江苏大学京江学院,1124
南京师范大学泰州学院,1021
烟台理工学院,4125
珠海科技学院,4126
北京第二外国语学院中瑞酒店管理学院,504
哈尔滨工业大学(威海),4247
沧州交通学院,4127
上海视觉艺术学院,1319
重庆对外经贸学院,4128
重庆外语外事学院,4129
重庆城市科技学院,4130
重庆财经学院,4131
重庆移通学院,4132
重庆工商大学派斯学院,1155
重庆机电职业技术大学,2401
重庆第二师范学院,633
重庆警察学院,1817
重庆工程学院,649
荆楚理工学院,1015
郑州工业应用技术学院,856
河南城建学院,228
亳州学院,2260
琼台师范学院,764
中原科技学院,4133
信阳学院,1122
河北东方学院,1726
山东财经大学东方学院,1135
南通理工学院,2223
大连财经学院,334
集宁师范学院,41
常州大学怀德学院,518
青海大学昆仑学院,772
武汉设计工程学院,922
延安大学西安创新学院,543
兰州博文科技学院,4134
贵州商学院,230
贵州师范学院,586
内蒙古鸿德文理学院,4135
河北医科大学临床学院,864
河北经贸大学经济管理学院,329
石家庄铁道大学四方学院,546
河北农业大学现代科技学院,606
燕山大学里仁学院,548
河北工程大学科信学院,1128
六盘水师范学院,910
天津仁爱学院,4136
吉林工商学院,1002
吉林警察学院,817
吉林建筑科技学院,687
长春人文学院,4137
河套学院,1003
吕梁学院,536
山西警察学院,2044
太原学院,216
山西工程技术学院,2010
山西工程科技职业大学,4138
山西应用科技学院,2521
沈阳工学院,2439
辽宁传媒学院,2050
辽宁理工职业大学,4139
甘肃医学院,2471
兰州工业学院,909
兰州石化职业技术大学,4140
兰州文理学院,989
兰州资源环境职业技术大学,4141
广西科技师范学院,2163
桂林航天工业学院,639
桂林旅游学院,2757
广西警察学院,2011
广西农业职业技术大学,4142
广西城市职业大学,2762
北海艺术设计学院,1751
南宁学院,2610
浙江警察学院,973
武警海警学院,4248
浙江药科职业大学,4143
杭州医学院,1614
浙江树人学院,2755
浙江广厦建设职业技术大学,4144
蚌埠学院,900
池州学院,1010
合肥师范学院,626
安徽三联学院,1109
安徽新华学院,1483
安徽文达信息工程学院,2296
武夷学院,636
福建警察学院,1272
宁德师范学院,642
福建商学院,2573
厦门医学院,862
厦门大学嘉庚学院,423
阳光学院,767
福建师范大学协和学院,1108
福州工商学院,4145
闽南科技学院,276
福州大学至诚学院,605
福建农林大学金山学院,1110
闽南理工学院,604
厦门华厦学院,2756
泉州职业技术大学,2663
泉州信息工程学院,1561
福州理工学院,2278
新乡学院,1184
河南财政金融学院,1070
郑州工程技术学院,2207
新乡医学院三全学院,323
湖北大学知行学院,373
武汉工商学院,322
湖北工业大学工程技术学院,502
湖北商贸学院,557
武昌工学院,1777
武汉工程大学邮电与信息工程学院,67
湖北汽车工业学院科技学院,2150
湖北师范大学文理学院,116
湖北文理学院理工学院,1605
长江大学文理学院,564
荆州学院,4146
武汉晴川学院,1126
武汉生物工程学院,1157
湖南工学院,34
湖南财政经济学院,353
湖南警察学院,1248
湖南医药学院,1620
长沙师范学院,898
湖南女子学院,632
湖南信息学院,1529
湖南应用技术学院,2533
湖南交通工程学院,1670
湖南软件职业技术大学,4147
广州商学院,2571
广州华立学院,4148
华南农业大学珠江学院,526
广州理工学院,1405
广州城市理工学院,4149
广州华商学院,4150
广东外语外贸大学南国商学院,601
新疆工程学院,528
新疆警察学院,1802
新疆天山职业技术大学,4151
济宁学院,638
山东石油化工学院,4152
山东英才学院,97
潍坊科技学院,243
齐鲁医药学院,2678
烟台南山学院,289
青岛恒星科技学院,2006
山东外国语职业技术大学,2397
山东工程职业技术大学,2836
山东外事职业大学,1910
山东现代学院,2766
山东华宇工学院,2239
青岛黄海学院,1631
昭通学院,793
普洱学院,899
滇西科技师范学院,1608
昆明文理学院,4153
云南经济管理学院,1488
云南工商学院,2293
哈尔滨体育学院,2140
无锡太湖学院,1638
西北大学现代学院,1036
西安建筑科技大学华清学院,932
陕西科技大学镐京学院,1123
陕西国际商贸学院,2110
西安欧亚学院,880
西安汽车职业大学,2506
西安信息职业大学,1290
西安交通工程学院,2839
贵州警察学院,2726
贵阳康养职业大学,4255
贵州黔南科技学院,4154
贵阳信息科技学院,4155
宁夏理工学院,2064
银川能源学院,2856
天津传媒学院,4156
天津商业大学宝德学院,513
天津医科大学临床医学院,568
北京科技大学天津学院,327
天津师范大学津沽学院,512
天津理工大学中环信息学院,82
天津财经大学珠江学院,325
天津天狮学院,609
长春光华学院,1027
长春财经学院,1165
长春大学旅游学院,2226
呼和浩特民族学院,911
内蒙古大学创业学院,1438
山西工学院,4157
晋中信息学院,4158
山西电子科技学院,4261
山西晋中理工学院,4159
山西科技学院,4160
山西医科大学晋祠学院,1449
山西财经大学华商学院,1342
运城职业技术大学,4262
沈阳城市学院,1980
大连科技学院,1253
辽宁师范大学海华学院,1327
沈阳城市建设学院,1024
辽宁中医药大学杏林学院,774
辽宁何氏医学院,1765
锦州医科大学医疗学院,2587
大连医科大学中山学院,2409
沈阳科技学院,238
大连东软信息学院,524
辽宁财贸学院,84
大连艺术学院,600
甘肃民族师范学院,226
兰州工商学院,4161
兰州信息科技学院,4162
广西民族师范学院,248
桂林学院,4163
桂林信息科技学院,4164
柳州工学院,4165
南宁师范大学师园学院,1455
广西民族大学相思湖学院,2342
广西中医药大学赛恩斯新医药学院,2167
浙大城市学院,4263
浙大宁波理工学院,4264
浙江工业大学之江学院,1042
浙江师范大学行知学院,92
宁波大学科学技术学院,69
杭州电子科技大学信息工程学院,2257
浙江理工大学科技与艺术学院,1714
浙江农林大学暨阳学院,1947
温州医科大学仁济学院,1412
浙江中医药大学滨江学院,1512
杭州师范大学钱江学院,2412
湖州学院,4166
绍兴文理学院元培学院,2680
温州理工学院,4167
浙江工商大学杭州商学院,692
中国计量大学现代科技学院,499
浙江财经大学东方学院,2066
嘉兴南湖学院,4168
温州商学院,2360
同济大学浙江学院,678
上海财经大学浙江学院,974
宁波财经学院,2228
浙江越秀外国语学院,1852
安徽大学江淮学院,2380
安徽师范大学皖江学院,2860
合肥经济学院,4169
安徽医科大学临床医学院,2473
马鞍山学院,2611
蚌埠工商学院,4170
淮北理工学院,4171
合肥城市学院,4172
安徽信息工程学院,1381
阜阳师范大学信息工程学院,2265
皖江工学院,375
厦门工学院,938
南昌大学科学技术学院,984
江西农业大学南昌商学院,1615
江西师范大学科学技术学院,1813
南昌交通学院,4173
赣南科技学院,4174
赣东学院,4175
南昌航空大学科技学院,1898
南昌医学院,4042
江西财经大学现代经济管理学院,1111
赣南师范大学科技学院,2866
景德镇艺术职业大学,4176
南昌应用技术师范学院,4177
南昌大学共青学院,688
安阳学院,2243
新乡工程学院,4178
郑州商学院,1920
郑州科技学院,64
河南科技职业大学,1789
武汉文理学院,4179
湖北工程学院新技术学院,2840
湖北恩施学院,4180
武汉传媒学院,1708
湖南第一师范学院,996
湖南师范大学树达学院,2479
湘潭理工学院,4181
湖南农业大学东方科技学院,1370
长沙理工大学城南学院,194
湖南科技大学潇湘学院,2595
湖南工业大学科技学院,1443
湘潭大学兴湘学院,2322
南华大学船山学院,2502
湖南文理学院芙蓉学院,1830
湖南理工学院南湖学院,1278
吉首大学张家界学院,2674
湖南工程学院应用技术学院,2202
湖南中医药大学湘杏学院,1333
衡阳师范学院南岳学院,1801
仲恺农业工程学院,387
电子科技大学中山学院,1242
东莞城市学院,4182
湛江科技学院,4183
新疆理工学院,4184
新疆科技学院,4185
新疆第二医学院,2464
成都大学,952
成都理工大学工程技术学院,572
四川传媒学院,1245
成都银杏酒店管理学院,4186
成都文理学院,519
成都外国语学院,4266
成都锦城学院,4187
绵阳城市学院,4188
四川文化艺术学院,1794
四川大学锦江学院,859
西南财经大学天府学院,877
西南交通大学希望学院,987
泰山科技学院,4189
青岛工学院,525
青岛农业大学海都学院,1827
齐鲁理工学院,78
潍坊理工学院,1895
聊城大学东昌学院,2128
保山学院,907
文山学院,246
云南大学滇池学院,549
丽江文化旅游学院,4190
云南艺术学院文华学院,1356
昆明理工大学津桥学院,1571
哈尔滨远东理工学院,1992
哈尔滨华德学院,2466
黑龙江工商学院,101
哈尔滨剑桥学院,1398
哈尔滨广厦学院,2191
哈尔滨石油学院,1769
黑龙江工程学院昆仑旅游学院,2815
黑龙江财经学院,919
南京理工大学紫金学院,523
南京航空航天大学金城学院,1029
南京传媒学院,4191
南京工业大学浦江学院,94
南京师范大学中北学院,917
南京医科大学康达学院,286
苏州城市学院,4192
苏州大学应用技术学院,1112
苏州科技大学天平学院,776
扬州大学广陵学院,1485
江苏师范大学科文学院,106
南京邮电大学通达学院,914
江苏科技大学苏州理工学院,818
南通大学杏林学院,699
西安交通大学城市学院,551
西安工商学院,4193
西安明德理工学院,4194
西安科技大学高新学院,320
西安理工大学高科学院,98
兴义民族师范学院,247
遵义医科大学医学与科技学院,2695
贵州中医药大学时珍学院,2821
贵州黔南经济学院,4195
贵阳人文科技学院,4196
贵州医科大学神奇民族医药学院,2540
宁夏大学新华学院,2224
香港教育大学,1274
衢州学院,949
福建江夏学院,598
齐鲁师范学院,1017
山东青年政治学院,641
山东女子学院,1008
广东第二师范学院,535
北京第二外国语学院,752
银川科技学院,4197
内蒙古科技大学包头医学院,1336
内蒙古科技大学包头师范学院,1767
香港岭南大学,2589
空军勤务学院,4267
中国人民解放军海军大连舰艇学院,1120
海军工程大学,4268
空军航空大学,4269
解放军电子工程学院,1949
香港浸会大学,2458
南宁理工学院,4198
新疆政法学院,2406
长安大学兴华学院,1634
浙江外国语学院,588
天津外国语大学滨海外事学院,986
澳门科技大学,2724
澳门大学,1661
澳门旅游学院,2039
首都师范大学继续教育学院,4199
陕西学前师范学院,905
华北理工大学轻工学院,1696
广西外国语学院,2332
广东科技学院,99
郑州升达经贸管理学院,77
山东协和学院,2118
福州外语外贸学院,2309
安徽外国语学院,2004
山西工商学院,2690
河北科技学院,2371
商丘学院,1743
南昌工学院,1763
青岛电影学院,4200
陕西服装工程学院,1918
华北理工大学冀唐学院,1414
河北环境工程学院,2788
山西传媒学院,1983
成都师范学院,904
江西服装学院,2445
南昌师范学院,255
张家口学院,1011
四川电影电视学院,2512
南方科技大学,2734
山东财经大学燕山学院,2088
陆军炮兵防空兵学院,4272
解放军南京陆军指挥学院,4273
中国人民解放军陆军步兵学院,1382
解放军工程兵学院,4274
海军潜艇学院,4275
空军指挥学院,4276
解放军空军第一航空学院,4277
解放军空军西安飞行学院,4278
解放军装甲兵学院,4279
解放军装甲兵技术学院,4280
中国人民解放军陆军边海防学院,2777
武警指挥学院,4281
中国人民武装警察部队警官学院,1701
贵州理工学院,217
北京理工大学国际教育学院,4282
山东管理学院,980
山东农业工程学院,903
北京航空航天大学软件学院,4283
香港都会大学,4284
香港珠海学院,4201
上海纽约大学,2031
北京警察学院,2527
河北中医药大学,141
营口理工学院,1182
山西能源学院,2842
河南牧业经济学院,615
泰州学院,250
广西职业师范学院,1584
大连理工大学盘锦校区,4285
中国科学院大学,1496
江苏第二师范学院,251
中国人民大学(苏州校区),704
上海科技大学,1419
合肥工业大学宣城校区,4286
温州肯恩大学,2312
上海健康医学院,1164
香港中文大学(深圳),545
内蒙古艺术学院,1456
广东以色列理工学院,709
香港树仁大学,1613
澳门城市大学,2644
深圳北理莫斯科大学,2513
中国社会科学院大学,1865
哈尔滨工业大学(深圳),2784
浙江音乐学院,1549
哈尔滨音乐学院,2489
鄂尔多斯应用技术学院,2453
滇西应用技术大学,1848
深圳技术大学,2340
茅台学院,2728
中国石油大学(北京)克拉玛依校区,4288
上海公安学院,1590
南京审计大学金审学院,1551
昆山杜克大学,2828
西藏农牧学院,1839
南昌大学抚州医学院,4203
郑州西亚斯学院,2554
复旦大学上海医学院,710
中国消防救援学院,2147
浙江大学医学院,2346
中国人民解放军陆军特种作战学院,2579
中国人民武装警察部队特种警察学院,2106
厦门大学马来西亚分校,4293
安徽艺术学院,4204
西湖大学,1541
福建技术师范学院,4205
江西软件职业技术大学,2347
江苏海洋大学,300
西南财经大学特拉华数据科学学院,4206
海军指挥学院,4353
海军勤务学院,4354
中国人民武装警察部队指挥学院,1857
贵州财经大学西密歇根学院,4207
中国人民解放军海军士官学校,4355
解放军空军石家庄飞行学院,4357
电子科技大学格拉斯哥学院,4208
香港恒生大学,4209
重庆移通学院德国工程学院,4210
烟台科技学院,4211
西南大学西塔学院,4212
重庆医科大学国际医学院,4213
贵州大学北阿拉巴马国际工程技术学院,4214
重庆中医药学院,4402
郑州大学体育学院,2254
华北水利水电大学乌拉尔学院,1667
海南比勒费尔德应用科学大学,4419
郑州美术学院,4436
香港科技大学(广州),4104
