展示名称,ID,创建人,创建时间,更新人,更新时间,专业名称,专业代码,专业 ID,学门,专业大类,级别,父级分类,生效状态
法学类,1785891813410859,纪嘉澍,2023-12-21 20:32,纪嘉澍,2023-12-21 21:00,法学类,,,,,专业大类,学门:法学,生效中
公安学类,1785891813408843,纪嘉澍,2023-12-21 20:32,纪嘉澍,2023-12-21 21:00,公安学类,,,,,专业大类,学门:法学,生效中
马克思主义理论类,1785891813719216,纪嘉澍,2023-12-21 20:32,纪嘉澍,2023-12-21 21:00,马克思主义理论类,,,,,专业大类,学门:法学,生效中
民族学类,1785891813408891,纪嘉澍,2023-12-21 20:32,纪嘉澍,2023-12-21 21:00,民族学类,,,,,专业大类,学门:法学,生效中
社会学类,1785891813401899,纪嘉澍,2023-12-21 20:32,纪嘉澍,2023-12-21 21:00,社会学类,,,,,专业大类,学门:法学,生效中
政治学类,1785891813405739,纪嘉澍,2023-12-21 20:32,纪嘉澍,2023-12-21 21:00,政治学类,,,,,专业大类,学门:法学,生效中
安全科学与工程类,1785891813406731,纪嘉澍,2023-12-21 20:32,纪嘉澍,2023-12-21 21:00,安全科学与工程类,,,,,专业大类,学门:工学,生效中
兵器类,1785891813413083,纪嘉澍,2023-12-21 20:32,纪嘉澍,2023-12-21 21:00,兵器类,,,,,专业大类,学门:工学,生效中
材料类,1785891813408859,纪嘉澍,2023-12-21 20:32,纪嘉澍,2023-12-21 21:00,材料类,,,,,专业大类,学门:工学,生效中
测绘类,1785891813407851,纪嘉澍,2023-12-21 20:32,纪嘉澍,2023-12-21 21:00,测绘类,,,,,专业大类,学门:工学,生效中
电气类,1785891813409867,纪嘉澍,2023-12-21 20:32,纪嘉澍,2023-12-21 21:00,电气类,,,,,专业大类,学门:工学,生效中
电子信息类,1785891813410827,纪嘉澍,2023-12-21 20:32,纪嘉澍,2023-12-21 21:00,电子信息类,,,,,专业大类,学门:工学,生效中
地质类,1785891813405723,纪嘉澍,2023-12-21 20:32,纪嘉澍,2023-12-21 21:00,地质类,,,,,专业大类,学门:工学,生效中
纺织类,1785891813411947,纪嘉澍,2023-12-21 20:32,纪嘉澍,2023-12-21 21:00,纺织类,,,,,专业大类,学门:工学,生效中
公安技术类,1785891813400875,纪嘉澍,2023-12-21 20:32,纪嘉澍,2023-12-21 21:00,公安技术类,,,,,专业大类,学门:工学,生效中
海洋工程类,1785891813401931,纪嘉澍,2023-12-21 20:32,纪嘉澍,2023-12-21 21:00,海洋工程类,,,,,专业大类,学门:工学,生效中
航空航天类,1785891813410843,纪嘉澍,2023-12-21 20:32,纪嘉澍,2023-12-21 21:00,航空航天类,,,,,专业大类,学门:工学,生效中
核工程类,1785891813413131,纪嘉澍,2023-12-21 20:32,纪嘉澍,2023-12-21 21:00,核工程类,,,,,专业大类,学门:工学,生效中
环境科学与工程类,1785891813408875,纪嘉澍,2023-12-21 20:32,纪嘉澍,2023-12-21 21:00,环境科学与工程类,,,,,专业大类,学门:工学,生效中
化工与制药类,1785891813413099,纪嘉澍,2023-12-21 20:32,纪嘉澍,2023-12-21 21:00,化工与制药类,,,,,专业大类,学门:工学,生效中
建筑类,1785891813411915,纪嘉澍,2023-12-21 20:32,纪嘉澍,2023-12-21 21:00,建筑类,,,,,专业大类,学门:工学,生效中
交通运输类,1785891813409851,纪嘉澍,2023-12-21 20:32,纪嘉澍,2023-12-21 21:00,交通运输类,,,,,专业大类,学门:工学,生效中
计算机类,1785891813402891,纪嘉澍,2023-12-21 20:32,纪嘉澍,2023-12-21 21:00,计算机类,,,,,专业大类,学门:工学,生效中
机械类,1785891813404059,纪嘉澍,2023-12-21 20:32,纪嘉澍,2023-12-21 21:00,机械类,,,,,专业大类,学门:工学,生效中
矿业类,1785891813409819,纪嘉澍,2023-12-21 20:32,纪嘉澍,2023-12-21 21:00,矿业类,,,,,专业大类,学门:工学,生效中
林业工程类,1785891813406763,纪嘉澍,2023-12-21 20:32,纪嘉澍,2023-12-21 21:00,林业工程类,,,,,专业大类,学门:工学,生效中
力学类,1785891813402923,纪嘉澍,2023-12-21 20:32,纪嘉澍,2023-12-21 21:00,力学类,,,,,专业大类,学门:工学,生效中
能源动力类,1785891813401883,纪嘉澍,2023-12-21 20:32,纪嘉澍,2023-12-21 21:00,能源动力类,,,,,专业大类,学门:工学,生效中
农业工程类,1785891813411931,纪嘉澍,2023-12-21 20:32,纪嘉澍,2023-12-21 21:00,农业工程类,,,,,专业大类,学门:工学,生效中
轻工类,1785891813407867,纪嘉澍,2023-12-21 20:32,纪嘉澍,2023-12-21 21:00,轻工类,,,,,专业大类,学门:工学,生效中
生物工程类,1785891813409835,纪嘉澍,2023-12-21 20:32,纪嘉澍,2023-12-21 21:00,生物工程类,,,,,专业大类,学门:工学,生效中
生物医学工程类,1785891813404075,纪嘉澍,2023-12-21 20:32,纪嘉澍,2023-12-21 21:00,生物医学工程类,,,,,专业大类,学门:工学,生效中
食品科学与工程类,1785891813405755,纪嘉澍,2023-12-21 20:32,纪嘉澍,2023-12-21 21:00,食品科学与工程类,,,,,专业大类,学门:工学,生效中
水利类,1785891813719184,纪嘉澍,2023-12-21 20:32,纪嘉澍,2023-12-21 21:00,水利类,,,,,专业大类,学门:工学,生效中
土木类,1785891813406779,纪嘉澍,2023-12-21 20:32,纪嘉澍,2023-12-21 21:00,土木类,,,,,专业大类,学门:工学,生效中
仪器类,1785891813400859,纪嘉澍,2023-12-21 20:32,纪嘉澍,2023-12-21 21:00,仪器类,,,,,专业大类,学门:工学,生效中
自动化类,1785891813405707,纪嘉澍,2023-12-21 20:32,纪嘉澍,2023-12-21 21:00,自动化类,,,,,专业大类,学门:工学,生效中
电子商务类,1785891813406747,纪嘉澍,2023-12-21 20:32,纪嘉澍,2023-12-21 21:00,电子商务类,,,,,专业大类,学门:管理学,生效中
公共管理类,1785891813719200,纪嘉澍,2023-12-21 20:32,纪嘉澍,2023-12-21 21:00,公共管理类,,,,,专业大类,学门:管理学,生效中
工商管理类,1785891813401915,纪嘉澍,2023-12-21 20:32,纪嘉澍,2023-12-21 21:00,工商管理类,,,,,专业大类,学门:管理学,生效中
工业工程类,1785891813407819,纪嘉澍,2023-12-21 20:32,纪嘉澍,2023-12-21 21:00,工业工程类,,,,,专业大类,学门:管理学,生效中
管理科学与工程类,1785891813411963,纪嘉澍,2023-12-21 20:32,纪嘉澍,2023-12-21 21:00,管理科学与工程类,,,,,专业大类,学门:管理学,生效中
旅游管理类,1785891813402907,纪嘉澍,2023-12-21 20:32,纪嘉澍,2023-12-21 21:00,旅游管理类,,,,,专业大类,学门:管理学,生效中
农业经济管理类,1785891813410875,纪嘉澍,2023-12-21 20:32,纪嘉澍,2023-12-21 21:00,农业经济管理类,,,,,专业大类,学门:管理学,生效中
图书情报与档案管理类,1785891813413115,纪嘉澍,2023-12-21 20:32,纪嘉澍,2023-12-21 21:00,图书情报与档案管理类,,,,,专业大类,学门:管理学,生效中
物流管理与工程类,1785891813407835,纪嘉澍,2023-12-21 20:32,纪嘉澍,2023-12-21 21:00,物流管理与工程类,,,,,专业大类,学门:管理学,生效中
教育学类,1785891813404091,纪嘉澍,2023-12-21 20:32,纪嘉澍,2023-12-21 21:00,教育学类,,,,,专业大类,学门:教育学,生效中
体育学类,1785891813402939,纪嘉澍,2023-12-21 20:32,纪嘉澍,2023-12-21 21:00,体育学类,,,,,专业大类,学门:教育学,生效中
财政学类,1785891813400891,纪嘉澍,2023-12-21 20:32,纪嘉澍,2023-12-21 21:00,财政学类,,,,,专业大类,学门:经济学,生效中
经济学类,1785891813404043,纪嘉澍,2023-12-21 20:32,纪嘉澍,2023-12-21 21:00,经济学类,,,,,专业大类,学门:经济学,生效中
经济与贸易类,1785891813724320,纪嘉澍,2023-12-21 20:32,纪嘉澍,2023-12-21 21:00,经济与贸易类,,,,,专业大类,学门:经济学,生效中
金融学类,1785891813727232,纪嘉澍,2023-12-21 20:32,纪嘉澍,2023-12-21 21:00,金融学类,,,,,专业大类,学门:经济学,生效中
历史学类,1785891813728272,纪嘉澍,2023-12-21 20:32,纪嘉澍,2023-12-21 21:00,历史学类,,,,,专业大类,学门:历史学,生效中
大气科学类,1785891813723280,纪嘉澍,2023-12-21 20:32,纪嘉澍,2023-12-21 21:00,大气科学类,,,,,专业大类,学门:理学,生效中
地理科学类,1785891813725344,纪嘉澍,2023-12-21 20:32,纪嘉澍,2023-12-21 21:00,地理科学类,,,,,专业大类,学门:理学,生效中
地球物理学类,1785891813727280,纪嘉澍,2023-12-21 20:32,纪嘉澍,2023-12-21 21:00,地球物理学类,,,,,专业大类,学门:理学,生效中
地质学类,1785891813728256,纪嘉澍,2023-12-21 20:32,纪嘉澍,2023-12-21 21:00,地质学类,,,,,专业大类,学门:理学,生效中
海洋科学类,1785891813727264,纪嘉澍,2023-12-21 20:32,纪嘉澍,2023-12-21 21:00,海洋科学类,,,,,专业大类,学门:理学,生效中
化学类,1785891813725376,纪嘉澍,2023-12-21 20:32,纪嘉澍,2023-12-21 21:00,化学类,,,,,专业大类,学门:理学,生效中
生物科学类,1785891813730320,纪嘉澍,2023-12-21 20:32,纪嘉澍,2023-12-21 21:00,生物科学类,,,,,专业大类,学门:理学,生效中
数学类,1785891813720288,纪嘉澍,2023-12-21 20:32,纪嘉澍,2023-12-21 21:00,数学类,,,,,专业大类,学门:理学,生效中
天文学类,1785891813729312,纪嘉澍,2023-12-21 20:32,纪嘉澍,2023-12-21 21:00,天文学类,,,,,专业大类,学门:理学,生效中
统计学类,1785891813722304,纪嘉澍,2023-12-21 20:32,纪嘉澍,2023-12-21 21:00,统计学类,,,,,专业大类,学门:理学,生效中
物理学类,1785891813724336,纪嘉澍,2023-12-21 20:32,纪嘉澍,2023-12-21 21:00,物理学类,,,,,专业大类,学门:理学,生效中
心理学类,1785891813720320,纪嘉澍,2023-12-21 20:32,纪嘉澍,2023-12-21 21:00,心理学类,,,,,专业大类,学门:理学,生效中
草学类,1785891813727248,纪嘉澍,2023-12-21 20:32,纪嘉澍,2023-12-21 21:00,草学类,,,,,专业大类,学门:农学,生效中
动物生产类,1785891813730336,纪嘉澍,2023-12-21 20:32,纪嘉澍,2023-12-21 21:00,动物生产类,,,,,专业大类,学门:农学,生效中
动物医学类,1785891813728304,纪嘉澍,2023-12-21 20:32,纪嘉澍,2023-12-21 21:00,动物医学类,,,,,专业大类,学门:农学,生效中
林学类,1785891813720304,纪嘉澍,2023-12-21 20:32,纪嘉澍,2023-12-21 21:00,林学类,,,,,专业大类,学门:农学,生效中
水产类,1785891813729280,纪嘉澍,2023-12-21 20:32,纪嘉澍,2023-12-21 21:00,水产类,,,,,专业大类,学门:农学,生效中
植物生产类,1785891813725360,纪嘉澍,2023-12-21 20:32,纪嘉澍,2023-12-21 21:00,植物生产类,,,,,专业大类,学门:农学,生效中
自然保护与环境生态类,1785891813721328,纪嘉澍,2023-12-21 20:32,纪嘉澍,2023-12-21 21:00,自然保护与环境生态类,,,,,专业大类,学门:农学,生效中
外国语言文学类,1785891813722336,纪嘉澍,2023-12-21 20:32,纪嘉澍,2023-12-21 21:00,外国语言文学类,,,,,专业大类,学门:文学,生效中
新闻传播学类,1785891813721280,纪嘉澍,2023-12-21 20:32,纪嘉澍,2023-12-21 21:00,新闻传播学类,,,,,专业大类,学门:文学,生效中
新闻传播学类（交叉专业）,1785891813729328,纪嘉澍,2023-12-21 20:32,纪嘉澍,2023-12-21 21:00,新闻传播学类（交叉专业）,,,,,专业大类,学门:文学,生效中
中国语言文学类,1785891813721296,纪嘉澍,2023-12-21 20:32,纪嘉澍,2023-12-21 21:00,中国语言文学类,,,,,专业大类,学门:文学,生效中
美术学类,1785891813725328,纪嘉澍,2023-12-21 20:32,纪嘉澍,2023-12-21 21:00,美术学类,,,,,专业大类,学门:艺术学,生效中
设计学类,1785891813731344,纪嘉澍,2023-12-21 20:32,纪嘉澍,2023-12-21 21:00,设计学类,,,,,专业大类,学门:艺术学,生效中
戏剧与影视学类,1785891813724352,纪嘉澍,2023-12-21 20:32,纪嘉澍,2023-12-21 21:00,戏剧与影视学类,,,,,专业大类,学门:艺术学,生效中
音乐与舞蹈学类,1785891813723296,纪嘉澍,2023-12-21 20:32,纪嘉澍,2023-12-21 21:00,音乐与舞蹈学类,,,,,专业大类,学门:艺术学,生效中
艺术学理论类,1785891813720272,纪嘉澍,2023-12-21 20:32,纪嘉澍,2023-12-21 21:00,艺术学理论类,,,,,专业大类,学门:艺术学,生效中
法医学类,1785891813719232,纪嘉澍,2023-12-21 20:32,纪嘉澍,2023-12-21 21:00,法医学类,,,,,专业大类,学门:医学,生效中
公共卫生与预防医学类,1785891813729296,纪嘉澍,2023-12-21 20:32,纪嘉澍,2023-12-21 21:00,公共卫生与预防医学类,,,,,专业大类,学门:医学,生效中
护理学类,1785891813723264,纪嘉澍,2023-12-21 20:32,纪嘉澍,2023-12-21 21:00,护理学类,,,,,专业大类,学门:医学,生效中
基础医学类,1785891813731328,纪嘉澍,2023-12-21 20:32,纪嘉澍,2023-12-21 21:00,基础医学类,,,,,专业大类,学门:医学,生效中
口腔医学类,1785891813723312,纪嘉澍,2023-12-21 20:32,纪嘉澍,2023-12-21 21:00,口腔医学类,,,,,专业大类,学门:医学,生效中
临床医学类,1785891813724304,纪嘉澍,2023-12-21 20:32,纪嘉澍,2023-12-21 21:00,临床医学类,,,,,专业大类,学门:医学,生效中
药学类,1785891813730352,纪嘉澍,2023-12-21 20:32,纪嘉澍,2023-12-21 21:00,药学类,,,,,专业大类,学门:医学,生效中
医学技术类,1785891813722320,纪嘉澍,2023-12-21 20:32,纪嘉澍,2023-12-21 21:00,医学技术类,,,,,专业大类,学门:医学,生效中
中西医结合类,1785891813722352,纪嘉澍,2023-12-21 20:32,纪嘉澍,2023-12-21 21:00,中西医结合类,,,,,专业大类,学门:医学,生效中
中药学类,1785891813730304,纪嘉澍,2023-12-21 20:32,纪嘉澍,2023-12-21 21:00,中药学类,,,,,专业大类,学门:医学,生效中
中医学类,1785891813721312,纪嘉澍,2023-12-21 20:32,纪嘉澍,2023-12-21 21:00,中医学类,,,,,专业大类,学门:医学,生效中
哲学类,1785891813728288,纪嘉澍,2023-12-21 20:32,纪嘉澍,2023-12-21 21:00,哲学类,,,,,专业大类,学门:哲学,生效中
学门:法学,1785892217367684,纪嘉澍,2023-12-21 20:31,纪嘉澍,2023-12-21 20:31,学门:法学,,,,,学门,,生效中
学门:工学,1785892217369668,纪嘉澍,2023-12-21 20:31,纪嘉澍,2023-12-21 20:31,学门:工学,,,,,学门,,生效中
学门:管理学,1785892217368692,纪嘉澍,2023-12-21 20:31,纪嘉澍,2023-12-21 20:31,学门:管理学,,,,,学门,,生效中
学门:理学,1785892217369716,纪嘉澍,2023-12-21 20:31,纪嘉澍,2023-12-21 20:31,学门:理学,,,,,学门,,生效中
学门:文学,1785892217367668,纪嘉澍,2023-12-21 20:31,纪嘉澍,2023-12-21 20:31,学门:文学,,,,,学门,,生效中
学门:艺术学,1785892217368660,纪嘉澍,2023-12-21 20:31,纪嘉澍,2023-12-21 20:31,学门:艺术学,,,,,学门,,生效中
学门:医学,1785892217369684,纪嘉澍,2023-12-21 20:31,纪嘉澍,2023-12-21 20:31,学门:医学,,,,,学门,,生效中
学门:教育学,1785892217370692,纪嘉澍,2023-12-21 20:31,纪嘉澍,2023-12-21 20:31,学门:教育学,,,,,学门,,生效中
学门:哲学,1785892217370708,纪嘉澍,2023-12-21 20:31,纪嘉澍,2023-12-21 20:31,学门:哲学,,,,,学门,,生效中
学门:农学,1785892217368708,纪嘉澍,2023-12-21 20:31,纪嘉澍,2023-12-21 20:31,学门:农学,,,,,学门,,生效中
学门:历史学,1785892217368676,纪嘉澍,2023-12-21 20:31,纪嘉澍,2023-12-21 20:31,学门:历史学,,,,,学门,,生效中
学门:经济学,1785892217369700,纪嘉澍,2023-12-21 20:31,纪嘉澍,2023-12-21 20:31,学门:经济学,,,,,学门,,生效中
抢险救援指挥与技术,1785684777206787,纪嘉澍,2023-12-19 14:44,纪嘉澍,2023-12-21 21:00,抢险救援指挥与技术,083106TK,1,工学,公安技术类,专业,公安技术类,生效中
中国少数民族语言文学,1785684777207843,纪嘉澍,2023-12-19 14:44,纪嘉澍,2023-12-21 21:00,中国少数民族语言文学,50104,3,文学,中国语言文学类,专业,中国语言文学类,生效中
运动康复,1785684777205763,纪嘉澍,2023-12-19 14:44,纪嘉澍,2023-12-21 21:00,运动康复,040206T,4,教育学,体育学类,专业,体育学类,生效中
历史建筑保护工程,1785684777198643,纪嘉澍,2023-12-19 14:44,纪嘉澍,2023-12-21 21:00,历史建筑保护工程,082804T,14,工学,建筑类,专业,建筑类,生效中
经济统计学,1785684777204787,纪嘉澍,2023-12-19 14:44,纪嘉澍,2023-12-21 21:00,经济统计学,20102,19,经济学,经济学类,专业,经济学类,生效中
种子科学与工程,1785684777209907,纪嘉澍,2023-12-19 14:44,纪嘉澍,2023-12-21 21:00,种子科学与工程,90105,25,农学,植物生产类,专业,植物生产类,生效中
法医学,1785684777205795,纪嘉澍,2023-12-19 14:44,纪嘉澍,2023-12-21 21:00,法医学,100901K,29,医学,法医学类,专业,法医学类,生效中
海洋科学,1785684777196563,纪嘉澍,2023-12-19 14:44,纪嘉澍,2023-12-21 21:00,海洋科学,70701,31,理学,海洋科学类,专业,海洋科学类,生效中
法语,1785684777206803,纪嘉澍,2023-12-19 14:44,纪嘉澍,2023-12-21 21:00,法语,50204,33,文学,外国语言文学类,专业,外国语言文学类,生效中
民族学,1785684777202723,纪嘉澍,2023-12-19 14:44,纪嘉澍,2023-12-21 21:00,民族学,30401,34,法学,民族学类,专业,民族学类,生效中
人类学,1785684777200643,纪嘉澍,2023-12-19 14:44,纪嘉澍,2023-12-21 21:00,人类学,030303T,35,法学,社会学类,专业,社会学类,生效中
外交学,1785684777198595,纪嘉澍,2023-12-19 14:44,纪嘉澍,2023-12-21 21:00,外交学,30203,36,法学,政治学类,专业,政治学类,生效中
环境工程,1785684777200691,纪嘉澍,2023-12-19 14:44,纪嘉澍,2023-12-21 21:00,环境工程,82502,40,工学,环境科学与工程类,专业,环境科学与工程类,生效中
农林经济管理,1785684777204739,纪嘉澍,2023-12-19 14:44,纪嘉澍,2023-12-21 21:00,农林经济管理,120301,44,管理学,农业经济管理类,专业,农业经济管理类,生效中
汽车服务工程,1785684777207827,纪嘉澍,2023-12-19 14:44,纪嘉澍,2023-12-21 21:00,汽车服务工程,80208,46,工学,机械类,专业,机械类,生效中
纺织工程,1785684777195555,纪嘉澍,2023-12-19 14:44,纪嘉澍,2023-12-21 21:00,纺织工程,81601,47,工学,纺织类,专业,纺织类,生效中
小学教育,1785684777203763,纪嘉澍,2023-12-19 14:44,纪嘉澍,2023-12-21 21:00,小学教育,40107,49,教育学,教育学类,专业,教育学类,生效中
高分子材料与工程,1785684777201699,纪嘉澍,2023-12-19 14:44,纪嘉澍,2023-12-21 21:00,高分子材料与工程,80407,50,工学,材料类,专业,材料类,生效中
国际事务与国际关系,1785684777203715,纪嘉澍,2023-12-19 14:44,纪嘉澍,2023-12-21 21:00,国际事务与国际关系,030204T,52,法学,政治学类,专业,政治学类,生效中
蒙古语,1785684777194515,纪嘉澍,2023-12-19 14:44,纪嘉澍,2023-12-21 21:00,蒙古语,50218,54,文学,外国语言文学类,专业,外国语言文学类,生效中
核物理,1785684777205779,纪嘉澍,2023-12-19 14:44,纪嘉澍,2023-12-21 21:00,核物理,70203,55,理学,物理学类,专业,物理学类,生效中
油气储运工程,1785684777207811,纪嘉澍,2023-12-19 14:44,纪嘉澍,2023-12-21 21:00,油气储运工程,81504,57,工学,矿业类,专业,矿业类,生效中
祖鲁语,1785684777207859,纪嘉澍,2023-12-19 14:44,纪嘉澍,2023-12-21 21:00,祖鲁语,50259,59,文学,外国语言文学类,专业,外国语言文学类,生效中
材料化学,1785684777197587,纪嘉澍,2023-12-19 14:44,纪嘉澍,2023-12-21 21:00,材料化学,80403,61,工学,材料类,专业,材料类,生效中
水产养殖学,1785684777208883,纪嘉澍,2023-12-19 14:44,纪嘉澍,2023-12-21 21:00,水产养殖学,90601,65,农学,水产类,专业,水产类,生效中
妇幼保健医学,1785684777206819,纪嘉澍,2023-12-19 14:44,纪嘉澍,2023-12-21 21:00,妇幼保健医学,100403TK,66,医学,公共卫生与预防医学类,专业,公共卫生与预防医学类,生效中
中草药栽培与鉴定,1785684777201715,纪嘉澍,2023-12-19 14:44,纪嘉澍,2023-12-21 21:00,中草药栽培与鉴定,100806T,69,医学,中药学类,专业,中药学类,生效中
戏剧影视文学,1785684777199619,纪嘉澍,2023-12-19 14:44,纪嘉澍,2023-12-21 21:00,戏剧影视文学,130304,70,艺术学,戏剧与影视学类,专业,戏剧与影视学类,生效中
秘书学,1785684777209875,纪嘉澍,2023-12-19 14:44,纪嘉澍,2023-12-21 21:00,秘书学,050107T,75,文学,中国语言文学类,专业,中国语言文学类,生效中
应用统计学,1785684777196579,纪嘉澍,2023-12-19 14:44,纪嘉澍,2023-12-21 21:00,应用统计学,71202,76,理学,统计学类,专业,统计学类,生效中
乌兹别克语,1785684777202691,纪嘉澍,2023-12-19 14:44,纪嘉澍,2023-12-21 21:00,乌兹别克语,50258,78,文学,外国语言文学类,专业,外国语言文学类,生效中
学前教育,1785684777208835,纪嘉澍,2023-12-19 14:44,纪嘉澍,2023-12-21 21:00,学前教育,40106,79,教育学,教育学类,专业,教育学类,生效中
矿物资源工程,1785684777197619,纪嘉澍,2023-12-19 14:44,纪嘉澍,2023-12-21 21:00,矿物资源工程,081505T,80,工学,矿业类,专业,矿业类,生效中
过程装备与控制工程,1785684777203747,纪嘉澍,2023-12-19 14:44,纪嘉澍,2023-12-21 21:00,过程装备与控制工程,80206,85,工学,机械类,专业,机械类,生效中
信用管理,1785684777208851,纪嘉澍,2023-12-19 14:44,纪嘉澍,2023-12-21 21:00,信用管理,020306T,86,经济学,金融学类,专业,金融学类,生效中
复合材料与工程,1785684777196595,纪嘉澍,2023-12-19 14:44,纪嘉澍,2023-12-21 21:00,复合材料与工程,80408,88,工学,材料类,专业,材料类,生效中
交通运输,1785684777199651,纪嘉澍,2023-12-19 14:44,纪嘉澍,2023-12-21 21:00,交通运输,81801,89,工学,交通运输类,专业,交通运输类,生效中
财政学,1785684777198611,纪嘉澍,2023-12-19 14:44,纪嘉澍,2023-12-21 21:00,财政学,020201K,90,经济学,财政学类,专业,财政学类,生效中
电子信息工程,1785684777194499,纪嘉澍,2023-12-19 14:44,纪嘉澍,2023-12-21 21:00,电子信息工程,80701,91,工学,电子信息类,专业,电子信息类,生效中
通信工程,1785684777199667,纪嘉澍,2023-12-19 14:44,纪嘉澍,2023-12-21 21:00,通信工程,80703,92,工学,电子信息类,专业,电子信息类,生效中
医学影像学,1785684777202707,纪嘉澍,2023-12-19 14:44,纪嘉澍,2023-12-21 21:00,医学影像学,100203TK,93,医学,临床医学类,专业,临床医学类,生效中
人文教育,1785684777203731,纪嘉澍,2023-12-19 14:44,纪嘉澍,2023-12-21 21:00,人文教育,40103,99,教育学,教育学类,专业,教育学类,生效中
航空航天工程,1785684777195523,纪嘉澍,2023-12-19 14:44,纪嘉澍,2023-12-21 21:00,航空航天工程,82001,104,工学,航空航天类,专业,航空航天类,生效中
知识产权,1785684777209891,纪嘉澍,2023-12-19 14:44,纪嘉澍,2023-12-21 21:00,知识产权,030102T,105,法学,法学类,专业,法学类,生效中
地球化学,1785684777200675,纪嘉澍,2023-12-19 14:44,纪嘉澍,2023-12-21 21:00,地球化学,70902,106,理学,地质学类,专业,地质学类,生效中
水利水电工程,1785684777204771,纪嘉澍,2023-12-19 14:44,纪嘉澍,2023-12-21 21:00,水利水电工程,81101,107,工学,水利类,专业,水利类,生效中
船舶电子电气工程,1785684777194531,纪嘉澍,2023-12-19 14:44,纪嘉澍,2023-12-21 21:00,船舶电子电气工程,081808TK,108,工学,交通运输类,专业,交通运输类,生效中
测控技术与仪器,1785684777200659,纪嘉澍,2023-12-19 14:44,纪嘉澍,2023-12-21 21:00,测控技术与仪器,80301,109,工学,仪器类,专业,仪器类,生效中
森林工程,1785684777195539,纪嘉澍,2023-12-19 14:44,纪嘉澍,2023-12-21 21:00,森林工程,82401,112,工学,林业工程类,专业,林业工程类,生效中
临床药学,1785684777196547,纪嘉澍,2023-12-19 14:44,纪嘉澍,2023-12-21 21:00,临床药学,100703TK,114,医学,药学类,专业,药学类,生效中
法学,1785684749483052,纪嘉澍,2023-12-19 14:44,纪嘉澍,2023-12-21 21:00,法学,030101K,115,法学,法学类,专业,法学类,生效中
编辑出版学,1785684749482044,纪嘉澍,2023-12-19 14:44,纪嘉澍,2023-12-21 21:00,编辑出版学,50305,116,文学,新闻传播学类,专业,新闻传播学类,生效中
丹麦语,1785684749489212,纪嘉澍,2023-12-19 14:44,纪嘉澍,2023-12-21 21:00,丹麦语,50249,117,文学,外国语言文学类,专业,外国语言文学类,生效中
核化工与核燃料工程,1785684749487164,纪嘉澍,2023-12-19 14:44,纪嘉澍,2023-12-21 21:00,核化工与核燃料工程,82204,119,工学,核工程类,专业,核工程类,生效中
飞行器环境与生命保障工程,1785684750083108,纪嘉澍,2023-12-19 14:44,纪嘉澍,2023-12-21 21:00,飞行器环境与生命保障工程,82005,121,工学,航空航天类,专业,航空航天类,生效中
艺术教育,1785684750091268,纪嘉澍,2023-12-19 14:44,纪嘉澍,2023-12-21 21:00,艺术教育,40105,126,教育学,教育学类,专业,教育学类,生效中
网络工程,1785684750083124,纪嘉澍,2023-12-19 14:44,纪嘉澍,2023-12-21 21:00,网络工程,80903,129,工学,计算机类,专业,计算机类,生效中
泰语,1785684750085140,纪嘉澍,2023-12-19 14:44,纪嘉澍,2023-12-21 21:00,泰语,50220,134,文学,外国语言文学类,专业,外国语言文学类,生效中
飞行器适航技术,1785684749492284,纪嘉澍,2023-12-19 14:44,纪嘉澍,2023-12-21 21:00,飞行器适航技术,082007T,135,工学,航空航天类,专业,航空航天类,生效中
普什图语,1785684749492252,纪嘉澍,2023-12-19 14:44,纪嘉澍,2023-12-21 21:00,普什图语,50240,136,文学,外国语言文学类,专业,外国语言文学类,生效中
服装设计与工程,1785684750087188,纪嘉澍,2023-12-19 14:44,纪嘉澍,2023-12-21 21:00,服装设计与工程,81602,137,工学,纺织类,专业,纺织类,生效中
特殊教育,1785684750090292,纪嘉澍,2023-12-19 14:44,纪嘉澍,2023-12-21 21:00,特殊教育,40108,138,教育学,教育学类,专业,教育学类,生效中
审计学,1785684749484044,纪嘉澍,2023-12-19 14:44,纪嘉澍,2023-12-21 21:00,审计学,120207,139,管理学,工商管理类,专业,工商管理类,生效中
动画,1785684750087204,纪嘉澍,2023-12-19 14:44,纪嘉澍,2023-12-21 21:00,动画,130310,141,艺术学,戏剧与影视学类,专业,戏剧与影视学类,生效中
材料科学与工程,1785684750085172,纪嘉澍,2023-12-19 14:44,纪嘉澍,2023-12-21 21:00,材料科学与工程,80401,142,工学,材料类,专业,材料类,生效中
斯洛文尼亚语,1785684749489164,纪嘉澍,2023-12-19 14:44,纪嘉澍,2023-12-21 21:00,斯洛文尼亚语,50254,146,文学,外国语言文学类,专业,外国语言文学类,生效中
商务经济学,1785684750088228,纪嘉澍,2023-12-19 14:44,纪嘉澍,2023-12-21 21:00,商务经济学,020105T,147,经济学,经济学类,专业,经济学类,生效中
思想政治教育,1785684750089236,纪嘉澍,2023-12-19 14:44,纪嘉澍,2023-12-21 21:00,思想政治教育,30503,150,法学,马克思主义理论类,专业,马克思主义理论类,生效中
警犬技术,1785684750089220,纪嘉澍,2023-12-19 14:44,纪嘉澍,2023-12-21 21:00,警犬技术,030605TK,152,法学,公安学类,专业,公安学类,生效中
摄影,1785684750090260,纪嘉澍,2023-12-19 14:44,纪嘉澍,2023-12-21 21:00,摄影,130404,156,艺术学,美术学类,专业,美术学类,生效中
生物工程,1785684749484076,纪嘉澍,2023-12-19 14:44,纪嘉澍,2023-12-21 21:00,生物工程,83001,157,工学,生物工程类,专业,生物工程类,生效中
化学工程与工艺,1785684750092308,纪嘉澍,2023-12-19 14:44,纪嘉澍,2023-12-21 21:00,化学工程与工艺,81301,162,工学,化工与制药类,专业,化工与制药类,生效中
农业水利工程,1785684750092324,纪嘉澍,2023-12-19 14:44,纪嘉澍,2023-12-21 21:00,农业水利工程,82305,166,工学,农业工程类,专业,农业工程类,生效中
治安学,1785684750088212,纪嘉澍,2023-12-19 14:44,纪嘉澍,2023-12-21 21:00,治安学,030601K,167,法学,公安学类,专业,公安学类,生效中
生物制药,1785684750091316,纪嘉澍,2023-12-19 14:44,纪嘉澍,2023-12-21 21:00,生物制药,083002T,168,工学,生物工程类,专业,生物工程类,生效中
朝鲜语,1785684749491260,纪嘉澍,2023-12-19 14:44,纪嘉澍,2023-12-21 21:00,朝鲜语,50209,171,文学,外国语言文学类,专业,外国语言文学类,生效中
环境科学,1785684750088196,纪嘉澍,2023-12-19 14:44,纪嘉澍,2023-12-21 21:00,环境科学,82503,172,工学,环境科学与工程类,专业,环境科学与工程类,生效中
军事海洋学,1785684750086180,纪嘉澍,2023-12-19 14:44,纪嘉澍,2023-12-21 21:00,军事海洋学,070704T,173,理学,海洋科学类,专业,海洋科学类,生效中
监狱学,1785684750088244,纪嘉澍,2023-12-19 14:44,纪嘉澍,2023-12-21 21:00,监狱学,030103T,175,法学,法学类,专业,法学类,生效中
地球信息科学与技术,1785684749486140,纪嘉澍,2023-12-19 14:44,纪嘉澍,2023-12-21 21:00,地球信息科学与技术,070903T,177,理学,地质学类,专业,地质学类,生效中
计算机科学与技术,1785684750090276,纪嘉澍,2023-12-19 14:44,纪嘉澍,2023-12-21 21:00,计算机科学与技术,80901,178,工学,计算机类,专业,计算机类,生效中
公安情报学,1785684750085156,纪嘉澍,2023-12-19 14:44,纪嘉澍,2023-12-21 21:00,公安情报学,030610TK,181,法学,公安学类,专业,公安学类,生效中
机械设计制造及其自动化,1785684749485084,纪嘉澍,2023-12-19 14:44,纪嘉澍,2023-12-21 21:00,机械设计制造及其自动化,80202,182,工学,机械类,专业,机械类,生效中
哈萨克语,1785684750089268,纪嘉澍,2023-12-19 14:44,纪嘉澍,2023-12-21 21:00,哈萨克语,50257,183,文学,外国语言文学类,专业,外国语言文学类,生效中
网络安全与执法,1785684749488188,纪嘉澍,2023-12-19 14:44,纪嘉澍,2023-12-21 21:00,网络安全与执法,083108TK,184,工学,公安技术类,专业,公安技术类,生效中
斯洛伐克语,1785684749486124,纪嘉澍,2023-12-19 14:44,纪嘉澍,2023-12-21 21:00,斯洛伐克语,50230,185,文学,外国语言文学类,专业,外国语言文学类,生效中
资源与环境经济学,1785684749485116,纪嘉澍,2023-12-19 14:44,纪嘉澍,2023-12-21 21:00,资源与环境经济学,020104T,189,经济学,经济学类,专业,经济学类,生效中
房地产开发与管理,1785684750083092,纪嘉澍,2023-12-19 14:44,纪嘉澍,2023-12-21 21:00,房地产开发与管理,120104,192,管理学,管理科学与工程类,专业,管理科学与工程类,生效中
人文地理与城乡规划,1785684750090244,纪嘉澍,2023-12-19 14:44,纪嘉澍,2023-12-21 21:00,人文地理与城乡规划,70503,194,理学,地理科学类,专业,地理科学类,生效中
中西医临床医学,1785684749487132,纪嘉澍,2023-12-19 14:44,纪嘉澍,2023-12-21 21:00,中西医临床医学,100601K,196,医学,中西医结合类,专业,中西医结合类,生效中
希腊语,1785684749490220,纪嘉澍,2023-12-19 14:44,纪嘉澍,2023-12-21 21:00,希腊语,50236,197,文学,外国语言文学类,专业,外国语言文学类,生效中
水质科学与技术,1785684750091284,纪嘉澍,2023-12-19 14:44,纪嘉澍,2023-12-21 21:00,水质科学与技术,082507T,198,工学,环境科学与工程类,专业,环境科学与工程类,生效中
旅游管理与服务教育,1785684749486108,纪嘉澍,2023-12-19 14:44,纪嘉澍,2023-12-21 21:00,旅游管理与服务教育,120904T,204,管理学,旅游管理类,专业,旅游管理类,生效中
物联网工程,1785684750085124,纪嘉澍,2023-12-19 14:44,纪嘉澍,2023-12-21 21:00,物联网工程,80905,210,工学,计算机类,专业,计算机类,生效中
会展经济与管理,1785684750086196,纪嘉澍,2023-12-19 14:44,纪嘉澍,2023-12-21 21:00,会展经济与管理,120903,211,管理学,旅游管理类,专业,旅游管理类,生效中
文化产业管理,1785684749488156,纪嘉澍,2023-12-19 14:44,纪嘉澍,2023-12-21 21:00,文化产业管理,120210,214,管理学,工商管理类,专业,工商管理类,生效中
西班牙语,1785684749491228,纪嘉澍,2023-12-19 14:44,纪嘉澍,2023-12-21 21:00,西班牙语,50205,220,文学,外国语言文学类,专业,外国语言文学类,生效中
光源与照明,1785684750087172,纪嘉澍,2023-12-19 14:44,纪嘉澍,2023-12-21 21:00,光源与照明,080603T,226,工学,电气类,专业,电气类,生效中
希伯来语,1785684750092292,纪嘉澍,2023-12-19 14:44,纪嘉澍,2023-12-21 21:00,希伯来语,50222,229,文学,外国语言文学类,专业,外国语言文学类,生效中
酒店管理,1785684750086164,纪嘉澍,2023-12-19 14:44,纪嘉澍,2023-12-21 21:00,酒店管理,120902,233,管理学,旅游管理类,专业,旅游管理类,生效中
播音与主持艺术,1785684749327481,纪嘉澍,2023-12-19 14:44,纪嘉澍,2023-12-21 21:00,播音与主持艺术,130309,234,艺术学,戏剧与影视学类,专业,戏剧与影视学类,生效中
地质学,1785684749317225,纪嘉澍,2023-12-19 14:44,纪嘉澍,2023-12-21 21:00,地质学,70901,235,理学,地质学类,专业,地质学类,生效中
广播电视工程,1785684749320313,纪嘉澍,2023-12-19 14:44,纪嘉澍,2023-12-21 21:00,广播电视工程,080707T,236,工学,电子信息类,专业,电子信息类,生效中
自动化,1785684749322377,纪嘉澍,2023-12-19 14:44,纪嘉澍,2023-12-21 21:00,自动化,80801,237,工学,自动化类,专业,自动化类,生效中
投资学,1785684749328521,纪嘉澍,2023-12-19 14:44,纪嘉澍,2023-12-21 21:00,投资学,20304,239,经济学,金融学类,专业,金融学类,生效中
光电信息科学与工程,1785684749321321,纪嘉澍,2023-12-19 14:44,纪嘉澍,2023-12-21 21:00,光电信息科学与工程,80705,242,工学,电子信息类,专业,电子信息类,生效中
冶金工程,1785684749319225,纪嘉澍,2023-12-19 14:44,纪嘉澍,2023-12-21 21:00,冶金工程,80404,251,工学,材料类,专业,材料类,生效中
工程管理,1785684749326377,纪嘉澍,2023-12-19 14:44,纪嘉澍,2023-12-21 21:00,工程管理,120103,252,管理学,管理科学与工程类,专业,管理科学与工程类,生效中
蒙医学,1785684749322393,纪嘉澍,2023-12-19 14:44,纪嘉澍,2023-12-21 21:00,蒙医学,100504K,257,医学,中医学类,专业,中医学类,生效中
土木工程,1785684749318265,纪嘉澍,2023-12-19 14:44,纪嘉澍,2023-12-21 21:00,土木工程,81001,259,工学,土木类,专业,土木类,生效中
交通工程,1785684749322409,纪嘉澍,2023-12-19 14:44,纪嘉澍,2023-12-21 21:00,交通工程,81802,262,工学,交通运输类,专业,交通运输类,生效中
产品设计,1785684749326345,纪嘉澍,2023-12-19 14:44,纪嘉澍,2023-12-21 21:00,产品设计,130504,264,艺术学,设计学类,专业,设计学类,生效中
波斯语,1785684749321305,纪嘉澍,2023-12-19 14:44,纪嘉澍,2023-12-21 21:00,波斯语,50208,269,文学,外国语言文学类,专业,外国语言文学类,生效中
农学,1785684749318217,纪嘉澍,2023-12-19 14:44,纪嘉澍,2023-12-21 21:00,农学,90101,274,农学,植物生产类,专业,植物生产类,生效中
公安视听技术,1785684749320265,纪嘉澍,2023-12-19 14:44,纪嘉澍,2023-12-21 21:00,公安视听技术,083105TK,276,工学,公安技术类,专业,公安技术类,生效中
马耳他语,1785684749318233,纪嘉澍,2023-12-19 14:44,纪嘉澍,2023-12-21 21:00,马耳他语,50256,279,文学,外国语言文学类,专业,外国语言文学类,生效中
文物保护技术,1785684749323417,纪嘉澍,2023-12-19 14:44,纪嘉澍,2023-12-21 21:00,文物保护技术,060105T,282,历史学,历史学类,专业,历史学类,生效中
集成电路设计与集成系统,1785684749318249,纪嘉澍,2023-12-19 14:44,纪嘉澍,2023-12-21 21:00,集成电路设计与集成系统,080710T,283,工学,电子信息类,专业,电子信息类,生效中
消防指挥,1785684749317209,纪嘉澍,2023-12-19 14:44,纪嘉澍,2023-12-21 21:00,消防指挥,030608TK,285,法学,公安学类,专业,公安学类,生效中
水务工程,1785684749323449,纪嘉澍,2023-12-19 14:44,纪嘉澍,2023-12-21 21:00,水务工程,081104T,291,工学,水利类,专业,水利类,生效中
动植物检疫,1785684749328553,纪嘉澍,2023-12-19 14:44,纪嘉澍,2023-12-21 21:00,动植物检疫,090403T,295,农学,动物医学类,专业,动物医学类,生效中
老挝语,1785684749324425,纪嘉澍,2023-12-19 14:44,纪嘉澍,2023-12-21 21:00,老挝语,50215,305,文学,外国语言文学类,专业,外国语言文学类,生效中
海洋资源与环境,1785684749324473,纪嘉澍,2023-12-19 14:44,纪嘉澍,2023-12-21 21:00,海洋资源与环境,070703T,307,理学,海洋科学类,专业,海洋科学类,生效中
城乡规划,1785684749327465,纪嘉澍,2023-12-19 14:44,纪嘉澍,2023-12-21 21:00,城乡规划,82802,308,工学,建筑类,专业,建筑类,生效中
涉外警务,1785684749322425,纪嘉澍,2023-12-19 14:44,纪嘉澍,2023-12-21 21:00,涉外警务,030613TK,309,法学,公安学类,专业,公安学类,生效中
社会体育指导与管理,1785684749329433,纪嘉澍,2023-12-19 14:44,纪嘉澍,2023-12-21 21:00,社会体育指导与管理,40203,311,教育学,体育学类,专业,体育学类,生效中
农业工程,1785684749321337,纪嘉澍,2023-12-19 14:44,纪嘉澍,2023-12-21 21:00,农业工程,82301,312,工学,农业工程类,专业,农业工程类,生效中
能源与环境系统工程,1785684749328569,纪嘉澍,2023-12-19 14:44,纪嘉澍,2023-12-21 21:00,能源与环境系统工程,080502T,313,工学,能源动力类,专业,能源动力类,生效中
应用化学,1785684749319177,纪嘉澍,2023-12-19 14:44,纪嘉澍,2023-12-21 21:00,应用化学,70302,319,理学,化学类,专业,化学类,生效中
核生化消防,1785684749321289,纪嘉澍,2023-12-19 14:44,纪嘉澍,2023-12-21 21:00,核生化消防,083109TK,321,工学,公安技术类,专业,公安技术类,生效中
心理学,1785684749328537,纪嘉澍,2023-12-19 14:44,纪嘉澍,2023-12-21 21:00,心理学,71101,326,理学,心理学类,专业,心理学类,生效中
茶学,1785684749324457,纪嘉澍,2023-12-19 14:44,纪嘉澍,2023-12-21 21:00,茶学,090107T,328,农学,植物生产类,专业,植物生产类,生效中
物理学,1785684749319193,纪嘉澍,2023-12-19 14:44,纪嘉澍,2023-12-21 21:00,物理学,70201,329,理学,物理学类,专业,物理学类,生效中
古典文献学,1785684749317193,纪嘉澍,2023-12-19 14:44,纪嘉澍,2023-12-21 21:00,古典文献学,50105,330,文学,中国语言文学类,专业,中国语言文学类,生效中
声学,1785684749323433,纪嘉澍,2023-12-19 14:44,纪嘉澍,2023-12-21 21:00,声学,070204T,331,理学,物理学类,专业,物理学类,生效中
乳品工程,1785684749329465,纪嘉澍,2023-12-19 14:44,纪嘉澍,2023-12-21 21:00,乳品工程,82704,332,工学,食品科学与工程类,专业,食品科学与工程类,生效中
应用心理学,1785684749327449,纪嘉澍,2023-12-19 14:44,纪嘉澍,2023-12-21 21:00,应用心理学,71102,336,理学,心理学类,专业,心理学类,生效中
录音艺术,1785684749323401,纪嘉澍,2023-12-19 14:44,纪嘉澍,2023-12-21 21:00,录音艺术,130308,337,艺术学,戏剧与影视学类,专业,戏剧与影视学类,生效中
电气工程与智能控制,1785684749326361,纪嘉澍,2023-12-19 14:44,纪嘉澍,2023-12-21 21:00,电气工程与智能控制,080604T,340,工学,电气类,专业,电气类,生效中
能源经济,1785684749326393,纪嘉澍,2023-12-19 14:44,纪嘉澍,2023-12-21 21:00,能源经济,020106T,341,经济学,经济学类,专业,经济学类,生效中
火灾勘查,1785684749316153,纪嘉澍,2023-12-19 14:44,纪嘉澍,2023-12-21 21:00,火灾勘查,083107TK,342,工学,公安技术类,专业,公安技术类,生效中
电磁场与无线技术,1785684749329449,纪嘉澍,2023-12-19 14:44,纪嘉澍,2023-12-21 21:00,电磁场与无线技术,080712T,343,工学,电子信息类,专业,电子信息类,生效中
教育技术学,1785684749327433,纪嘉澍,2023-12-19 14:44,纪嘉澍,2023-12-21 21:00,教育技术学,40104,346,教育学,教育学类,专业,教育学类,生效中
勘查技术与工程,1785684749319209,纪嘉澍,2023-12-19 14:44,纪嘉澍,2023-12-21 21:00,勘查技术与工程,81402,349,工学,地质类,专业,地质类,生效中
汉语言文学,1785684749317241,纪嘉澍,2023-12-19 14:44,纪嘉澍,2023-12-21 21:00,汉语言文学,50101,351,文学,中国语言文学类,专业,中国语言文学类,生效中
植物科学与技术,1785684749330505,纪嘉澍,2023-12-19 14:44,纪嘉澍,2023-12-21 21:00,植物科学与技术,90104,352,农学,植物生产类,专业,植物生产类,生效中
禁毒学,1785684749320281,纪嘉澍,2023-12-19 14:44,纪嘉澍,2023-12-21 21:00,禁毒学,030604TK,354,法学,公安学类,专业,公安学类,生效中
工程造价,1785684749324441,纪嘉澍,2023-12-19 14:44,纪嘉澍,2023-12-21 21:00,工程造价,120105,359,管理学,管理科学与工程类,专业,管理科学与工程类,生效中
市场营销教育,1785684749320297,纪嘉澍,2023-12-19 14:44,纪嘉澍,2023-12-21 21:00,市场营销教育,120214T,360,管理学,工商管理类,专业,工商管理类,生效中
新闻学,1785684749329417,纪嘉澍,2023-12-19 14:44,纪嘉澍,2023-12-21 21:00,新闻学,50301,362,文学,新闻传播学类,专业,新闻传播学类,生效中
古生物学,1785684769714203,纪嘉澍,2023-12-19 14:44,纪嘉澍,2023-12-21 21:00,古生物学,070904T,366,理学,地质学类,专业,地质学类,生效中
劳动与社会保障,1785684769701995,纪嘉澍,2023-12-19 14:44,纪嘉澍,2023-12-21 21:00,劳动与社会保障,120403,368,管理学,公共管理类,专业,公共管理类,生效中
海洋资源开发技术,1785684769822724,纪嘉澍,2023-12-19 14:44,纪嘉澍,2023-12-21 21:00,海洋资源开发技术,081903T,371,工学,海洋工程类,专业,海洋工程类,生效中
道路桥梁与渡河工程,1785684769713163,纪嘉澍,2023-12-19 14:44,纪嘉澍,2023-12-21 21:00,道路桥梁与渡河工程,081006T,372,工学,土木类,专业,土木类,生效中
舞蹈表演,1785684769703003,纪嘉澍,2023-12-19 14:44,纪嘉澍,2023-12-21 21:00,舞蹈表演,130204,373,艺术学,音乐与舞蹈学类,专业,音乐与舞蹈学类,生效中
地质工程,1785684769713179,纪嘉澍,2023-12-19 14:44,纪嘉澍,2023-12-21 21:00,地质工程,81401,378,工学,地质类,专业,地质类,生效中
电子科学与技术,1785684769820692,纪嘉澍,2023-12-19 14:44,纪嘉澍,2023-12-21 21:00,电子科学与技术,80702,379,工学,电子信息类,专业,电子信息类,生效中
麻醉学,1785684769709099,纪嘉澍,2023-12-19 14:44,纪嘉澍,2023-12-21 21:00,麻醉学,100202TK,380,医学,临床医学类,专业,临床医学类,生效中
社会工作,1785684769715243,纪嘉澍,2023-12-19 14:44,纪嘉澍,2023-12-21 21:00,社会工作,30302,381,法学,社会学类,专业,社会学类,生效中
公安管理学,1785684769702011,纪嘉澍,2023-12-19 14:44,纪嘉澍,2023-12-21 21:00,公安管理学,030612TK,383,法学,公安学类,专业,公安学类,生效中
卫生检验与检疫,1785684769707115,纪嘉澍,2023-12-19 14:44,纪嘉澍,2023-12-21 21:00,卫生检验与检疫,101007,386,医学,医学技术类,专业,医学技术类,生效中
书法学,1785684769710139,纪嘉澍,2023-12-19 14:44,纪嘉澍,2023-12-21 21:00,书法学,130405T,390,艺术学,美术学类,专业,美术学类,生效中
环保设备工程,1785684769700955,纪嘉澍,2023-12-19 14:44,纪嘉澍,2023-12-21 21:00,环保设备工程,082505T,393,工学,环境科学与工程类,专业,环境科学与工程类,生效中
国际商务,1785684769706075,纪嘉澍,2023-12-19 14:44,纪嘉澍,2023-12-21 21:00,国际商务,120205,395,管理学,工商管理类,专业,工商管理类,生效中
乌尔都语,1785684769699963,纪嘉澍,2023-12-19 14:44,纪嘉澍,2023-12-21 21:00,乌尔都语,50221,396,文学,外国语言文学类,专业,外国语言文学类,生效中
全球健康学,1785684769705035,纪嘉澍,2023-12-19 14:44,纪嘉澍,2023-12-21 21:00,全球健康学,100405TK,403,医学,公共卫生与预防医学类,专业,公共卫生与预防医学类,生效中
应用语言学,1785684769701979,纪嘉澍,2023-12-19 14:44,纪嘉澍,2023-12-21 21:00,应用语言学,050106T,405,文学,中国语言文学类,专业,中国语言文学类,生效中
农业电气化,1785684769821748,纪嘉澍,2023-12-19 14:44,纪嘉澍,2023-12-21 21:00,农业电气化,82303,407,工学,农业工程类,专业,农业工程类,生效中
俄语,1785684769822740,纪嘉澍,2023-12-19 14:44,纪嘉澍,2023-12-21 21:00,俄语,50202,411,文学,外国语言文学类,专业,外国语言文学类,生效中
电子商务,1785684769713211,纪嘉澍,2023-12-19 14:44,纪嘉澍,2023-12-21 21:00,电子商务,120801,414,管理学,电子商务类,专业,电子商务类,生效中
测绘工程,1785684769699947,纪嘉澍,2023-12-19 14:44,纪嘉澍,2023-12-21 21:00,测绘工程,81201,417,工学,测绘类,专业,测绘类,生效中
旅游管理,1785684769707147,纪嘉澍,2023-12-19 14:44,纪嘉澍,2023-12-21 21:00,旅游管理,120901K,418,管理学,旅游管理类,专业,旅游管理类,生效中
理论与应用力学,1785684769712155,纪嘉澍,2023-12-19 14:44,纪嘉澍,2023-12-21 21:00,理论与应用力学,80101,419,工学,力学类,专业,力学类,生效中
导航工程,1785684769710091,纪嘉澍,2023-12-19 14:44,纪嘉澍,2023-12-21 21:00,导航工程,081203T,421,工学,测绘类,专业,测绘类,生效中
天文学,1785684769822772,纪嘉澍,2023-12-19 14:44,纪嘉澍,2023-12-21 21:00,天文学,70401,422,理学,天文学类,专业,天文学类,生效中
广播电视学,1785684769823764,纪嘉澍,2023-12-19 14:44,纪嘉澍,2023-12-21 21:00,广播电视学,50302,423,文学,新闻传播学类,专业,新闻传播学类,生效中
僧伽罗语,1785684769711131,纪嘉澍,2023-12-19 14:44,纪嘉澍,2023-12-21 21:00,僧伽罗语,50219,424,文学,外国语言文学类,专业,外国语言文学类,生效中
微电子科学与工程,1785684769704059,纪嘉澍,2023-12-19 14:44,纪嘉澍,2023-12-21 21:00,微电子科学与工程,80704,425,工学,电子信息类,专业,电子信息类,生效中
金属材料工程,1785684769704043,纪嘉澍,2023-12-19 14:44,纪嘉澍,2023-12-21 21:00,金属材料工程,80405,428,工学,材料类,专业,材料类,生效中
保险学,1785684769701963,纪嘉澍,2023-12-19 14:44,纪嘉澍,2023-12-21 21:00,保险学,20303,430,经济学,金融学类,专业,金融学类,生效中
艺术与科技,1785684769715227,纪嘉澍,2023-12-19 14:44,纪嘉澍,2023-12-21 21:00,艺术与科技,130509T,431,艺术学,设计学类,专业,设计学类,生效中
体育教育,1785684769706059,纪嘉澍,2023-12-19 14:44,纪嘉澍,2023-12-21 21:00,体育教育,40201,435,教育学,体育学类,专业,体育学类,生效中
世界史,1785684769700987,纪嘉澍,2023-12-19 14:44,纪嘉澍,2023-12-21 21:00,世界史,60102,436,历史学,历史学类,专业,历史学类,生效中
国际经济与贸易,1785684769821732,纪嘉澍,2023-12-19 14:44,纪嘉澍,2023-12-21 21:00,国际经济与贸易,20401,438,经济学,经济与贸易类,专业,经济与贸易类,生效中
土耳其语,1785684769698939,纪嘉澍,2023-12-19 14:44,纪嘉澍,2023-12-21 21:00,土耳其语,50235,439,文学,外国语言文学类,专业,外国语言文学类,生效中
假肢矫形工程,1785684769701003,纪嘉澍,2023-12-19 14:44,纪嘉澍,2023-12-21 21:00,假肢矫形工程,082602T,440,工学,生物医学工程类,专业,生物医学工程类,生效中
新能源材料与器件,1785684769711163,纪嘉澍,2023-12-19 14:44,纪嘉澍,2023-12-21 21:00,新能源材料与器件,080414T,441,工学,材料类,专业,材料类,生效中
特种能源技术与工程,1785684769820708,纪嘉澍,2023-12-19 14:44,纪嘉澍,2023-12-21 21:00,特种能源技术与工程,82105,444,工学,兵器类,专业,兵器类,生效中
柬埔寨语,1785684769823796,纪嘉澍,2023-12-19 14:44,纪嘉澍,2023-12-21 21:00,柬埔寨语,50214,445,文学,外国语言文学类,专业,外国语言文学类,生效中
立陶宛语,1785684769715211,纪嘉澍,2023-12-19 14:44,纪嘉澍,2023-12-21 21:00,立陶宛语,50253,447,文学,外国语言文学类,专业,外国语言文学类,生效中
软件工程,1785684769712171,纪嘉澍,2023-12-19 14:44,纪嘉澍,2023-12-21 21:00,软件工程,80902,450,工学,计算机类,专业,计算机类,生效中
基础医学,1785684769823780,纪嘉澍,2023-12-19 14:44,纪嘉澍,2023-12-21 21:00,基础医学,100101K,457,医学,基础医学类,专业,基础医学类,生效中
酿酒工程,1785684769705067,纪嘉澍,2023-12-19 14:44,纪嘉澍,2023-12-21 21:00,酿酒工程,82705,459,工学,食品科学与工程类,专业,食品科学与工程类,生效中
土地资源管理,1785684769712187,纪嘉澍,2023-12-19 14:44,纪嘉澍,2023-12-21 21:00,土地资源管理,120404,465,管理学,公共管理类,专业,公共管理类,生效中
装甲车辆工程,1785684769714235,纪嘉澍,2023-12-19 14:44,纪嘉澍,2023-12-21 21:00,装甲车辆工程,82106,468,工学,兵器类,专业,兵器类,生效中
飞行技术,1785684769706107,纪嘉澍,2023-12-19 14:44,纪嘉澍,2023-12-21 21:00,飞行技术,081805K,472,工学,交通运输类,专业,交通运输类,生效中
眼视光医学,1785684769703035,纪嘉澍,2023-12-19 14:44,纪嘉澍,2023-12-21 21:00,眼视光医学,100204TK,473,医学,临床医学类,专业,临床医学类,生效中
公共关系学,1785684769821716,纪嘉澍,2023-12-19 14:44,纪嘉澍,2023-12-21 21:00,公共关系学,120409T,476,管理学,公共管理类,专业,公共管理类,生效中
动物医学,1785684769709067,纪嘉澍,2023-12-19 14:44,纪嘉澍,2023-12-21 21:00,动物医学,90401,481,农学,动物医学类,专业,动物医学类,生效中
华文教育,1785684769710107,纪嘉澍,2023-12-19 14:44,纪嘉澍,2023-12-21 21:00,华文教育,040109T,484,教育学,教育学类,专业,教育学类,生效中
医学信息工程,1785684769844228,纪嘉澍,2023-12-19 14:44,纪嘉澍,2023-12-21 21:00,医学信息工程,080711T,487,工学,电子信息类,专业,电子信息类,生效中
美术学,1785684769833044,纪嘉澍,2023-12-19 14:44,纪嘉澍,2023-12-21 21:00,美术学,130401,488,艺术学,美术学类,专业,美术学类,生效中
武术与民族传统体育,1785684777055267,纪嘉澍,2023-12-19 14:44,纪嘉澍,2023-12-21 21:00,武术与民族传统体育,040204K,489,教育学,体育学类,专业,体育学类,生效中
阿拉伯语,1785684769839140,纪嘉澍,2023-12-19 14:44,纪嘉澍,2023-12-21 21:00,阿拉伯语,50206,492,文学,外国语言文学类,专业,外国语言文学类,生效中
生态学,1785684769836164,纪嘉澍,2023-12-19 14:44,纪嘉澍,2023-12-21 21:00,生态学,71004,494,理学,生物科学类,专业,生物科学类,生效中
挪威语,1785684769834084,纪嘉澍,2023-12-19 14:44,纪嘉澍,2023-12-21 21:00,挪威语,50248,495,文学,外国语言文学类,专业,外国语言文学类,生效中
经济学,1785684769834052,纪嘉澍,2023-12-19 14:44,纪嘉澍,2023-12-21 21:00,经济学,20101,502,经济学,经济学类,专业,经济学类,生效中
中国画,1785684769846324,纪嘉澍,2023-12-19 14:44,纪嘉澍,2023-12-21 21:00,中国画,130406T,504,艺术学,美术学类,专业,美术学类,生效中
运动训练,1785684769830980,纪嘉澍,2023-12-19 14:44,纪嘉澍,2023-12-21 21:00,运动训练,040202K,505,教育学,体育学类,专业,体育学类,生效中
烹饪与营养教育,1785684769832020,纪嘉澍,2023-12-19 14:44,纪嘉澍,2023-12-21 21:00,烹饪与营养教育,082708T,507,工学,食品科学与工程类,专业,食品科学与工程类,生效中
数字媒体技术,1785684777056259,纪嘉澍,2023-12-19 14:44,纪嘉澍,2023-12-21 21:00,数字媒体技术,80906,508,工学,计算机类,专业,计算机类,生效中
化学生物学,1785684769836196,纪嘉澍,2023-12-19 14:44,纪嘉澍,2023-12-21 21:00,化学生物学,070303T,510,理学,化学类,专业,化学类,生效中
园艺教育,1785684769832052,纪嘉澍,2023-12-19 14:44,纪嘉澍,2023-12-21 21:00,园艺教育,090111T,512,农学,植物生产类,专业,植物生产类,生效中
冰岛语,1785684769844260,纪嘉澍,2023-12-19 14:44,纪嘉澍,2023-12-21 21:00,冰岛语,50250,513,文学,外国语言文学类,专业,外国语言文学类,生效中
视觉传达设计,1785684769838228,纪嘉澍,2023-12-19 14:44,纪嘉澍,2023-12-21 21:00,视觉传达设计,130502,515,艺术学,设计学类,专业,设计学类,生效中
塞尔维亚语,1785684769844276,纪嘉澍,2023-12-19 14:44,纪嘉澍,2023-12-21 21:00,塞尔维亚语,50234,517,文学,外国语言文学类,专业,外国语言文学类,生效中
海洋油气工程,1785684769829956,纪嘉澍,2023-12-19 14:44,纪嘉澍,2023-12-21 21:00,海洋油气工程,081506T,519,工学,矿业类,专业,矿业类,生效中
芬兰语,1785684777054243,纪嘉澍,2023-12-19 14:44,纪嘉澍,2023-12-21 21:00,芬兰语,50246,520,文学,外国语言文学类,专业,外国语言文学类,生效中
飞行器动力工程,1785684777054259,纪嘉澍,2023-12-19 14:44,纪嘉澍,2023-12-21 21:00,飞行器动力工程,82004,522,工学,航空航天类,专业,航空航天类,生效中
金融数学,1785684769842228,纪嘉澍,2023-12-19 14:44,纪嘉澍,2023-12-21 21:00,金融数学,020305T,523,经济学,金融学类,专业,金融学类,生效中
园艺,1785684769838212,纪嘉澍,2023-12-19 14:44,纪嘉澍,2023-12-21 21:00,园艺,90102,524,农学,植物生产类,专业,植物生产类,生效中
包装工程,1785684769835140,纪嘉澍,2023-12-19 14:44,纪嘉澍,2023-12-21 21:00,包装工程,81702,525,工学,轻工类,专业,轻工类,生效中
国内安全保卫,1785684769842196,纪嘉澍,2023-12-19 14:44,纪嘉澍,2023-12-21 21:00,国内安全保卫,030614TK,526,法学,公安学类,专业,公安学类,生效中
戏剧影视导演,1785684769838196,纪嘉澍,2023-12-19 14:44,纪嘉澍,2023-12-21 21:00,戏剧影视导演,130306,527,艺术学,戏剧与影视学类,专业,戏剧与影视学类,生效中
医学影像技术,1785684769842212,纪嘉澍,2023-12-19 14:44,纪嘉澍,2023-12-21 21:00,医学影像技术,101003,528,医学,医学技术类,专业,医学技术类,生效中
马来语,1785684769837124,纪嘉澍,2023-12-19 14:44,纪嘉澍,2023-12-21 21:00,马来语,50217,529,文学,外国语言文学类,专业,外国语言文学类,生效中
广告学,1785684769837156,纪嘉澍,2023-12-19 14:44,纪嘉澍,2023-12-21 21:00,广告学,50303,538,文学,新闻传播学类,专业,新闻传播学类,生效中
采购管理,1785684769830996,纪嘉澍,2023-12-19 14:44,纪嘉澍,2023-12-21 21:00,采购管理,120603T,542,管理学,物流管理与工程类,专业,物流管理与工程类,生效中
食品卫生与营养学,1785684769839124,纪嘉澍,2023-12-19 14:44,纪嘉澍,2023-12-21 21:00,食品卫生与营养学,100402,544,医学,公共卫生与预防医学类,专业,公共卫生与预防医学类,生效中
海洋药学,1785684769835172,纪嘉澍,2023-12-19 14:44,纪嘉澍,2023-12-21 21:00,海洋药学,100707T,552,医学,药学类,专业,药学类,生效中
工程力学,1785684769845252,纪嘉澍,2023-12-19 14:44,纪嘉澍,2023-12-21 21:00,工程力学,80102,554,工学,力学类,专业,力学类,生效中
弹药工程与爆炸技术,1785684769836180,纪嘉澍,2023-12-19 14:44,纪嘉澍,2023-12-21 21:00,弹药工程与爆炸技术,82104,555,工学,兵器类,专业,兵器类,生效中
机电技术教育,1785684769840196,纪嘉澍,2023-12-19 14:44,纪嘉澍,2023-12-21 21:00,机电技术教育,080211T,557,工学,机械类,专业,机械类,生效中
资源环境科学,1785684777053203,纪嘉澍,2023-12-19 14:44,纪嘉澍,2023-12-21 21:00,资源环境科学,082506T,559,工学,环境科学与工程类,专业,环境科学与工程类,生效中
罗马尼亚语,1785684769837172,纪嘉澍,2023-12-19 14:44,纪嘉澍,2023-12-21 21:00,罗马尼亚语,50231,561,文学,外国语言文学类,专业,外国语言文学类,生效中
经济与金融,1785684769840164,纪嘉澍,2023-12-19 14:44,纪嘉澍,2023-12-21 21:00,经济与金融,020307T,563,经济学,金融学类,专业,金融学类,生效中
休闲体育,1785684777053219,纪嘉澍,2023-12-19 14:44,纪嘉澍,2023-12-21 21:00,休闲体育,040207T,565,教育学,体育学类,专业,体育学类,生效中
药物分析,1785684769846276,纪嘉澍,2023-12-19 14:44,纪嘉澍,2023-12-21 21:00,药物分析,100705T,571,医学,药学类,专业,药学类,生效中
表演,1785684769843236,纪嘉澍,2023-12-19 14:44,纪嘉澍,2023-12-21 21:00,表演,130301,572,艺术学,戏剧与影视学类,专业,戏剧与影视学类,生效中
政治学、经济学与哲学,1785684769835188,纪嘉澍,2023-12-19 14:44,纪嘉澍,2023-12-21 21:00,政治学、经济学与哲学,030205T,574,法学,政治学类,专业,政治学类,生效中
采矿工程,1785684769846308,纪嘉澍,2023-12-19 14:44,纪嘉澍,2023-12-21 21:00,采矿工程,81501,575,工学,矿业类,专业,矿业类,生效中
信息安全,1785684769833028,纪嘉澍,2023-12-19 14:44,纪嘉澍,2023-12-21 21:00,信息安全,080904K,576,工学,计算机类,专业,计算机类,生效中
食品科学与工程,1785684769829988,纪嘉澍,2023-12-19 14:44,纪嘉澍,2023-12-21 21:00,食品科学与工程,82701,577,工学,食品科学与工程类,专业,食品科学与工程类,生效中
海事管理,1785684777054211,纪嘉澍,2023-12-19 14:44,纪嘉澍,2023-12-21 21:00,海事管理,120408T,582,管理学,公共管理类,专业,公共管理类,生效中
体育经济与管理,1785684777055235,纪嘉澍,2023-12-19 14:44,纪嘉澍,2023-12-21 21:00,体育经济与管理,120212T,584,管理学,工商管理类,专业,工商管理类,生效中
物业管理,1785684769845284,纪嘉澍,2023-12-19 14:44,纪嘉澍,2023-12-21 21:00,物业管理,120209,587,管理学,工商管理类,专业,工商管理类,生效中
英语,1785684769840148,纪嘉澍,2023-12-19 14:44,纪嘉澍,2023-12-21 21:00,英语,50201,593,文学,外国语言文学类,专业,外国语言文学类,生效中
金融工程,1785684769830004,纪嘉澍,2023-12-19 14:44,纪嘉澍,2023-12-21 21:00,金融工程,20302,596,经济学,金融学类,专业,金融学类,生效中
印度尼西亚语,1785684777054227,纪嘉澍,2023-12-19 14:44,纪嘉澍,2023-12-21 21:00,印度尼西亚语,50212,597,文学,外国语言文学类,专业,外国语言文学类,生效中
克罗地亚语,1785684769831028,纪嘉澍,2023-12-19 14:44,纪嘉澍,2023-12-21 21:00,克罗地亚语,50244,600,文学,外国语言文学类,专业,外国语言文学类,生效中
安全防范工程,1785684749477948,纪嘉澍,2023-12-19 14:44,纪嘉澍,2023-12-21 21:00,安全防范工程,083104TK,601,工学,公安技术类,专业,公安技术类,生效中
藏药学,1785684749481020,纪嘉澍,2023-12-19 14:44,纪嘉澍,2023-12-21 21:00,藏药学,100803T,603,医学,中药学类,专业,中药学类,生效中
木材科学与工程,1785684749478956,纪嘉澍,2023-12-19 14:44,纪嘉澍,2023-12-21 21:00,木材科学与工程,82402,607,工学,林业工程类,专业,林业工程类,生效中
植物保护,1785684749477932,纪嘉澍,2023-12-19 14:44,纪嘉澍,2023-12-21 21:00,植物保护,90103,620,农学,植物生产类,专业,植物生产类,生效中
能源化学工程,1785684749473804,纪嘉澍,2023-12-19 14:44,纪嘉澍,2023-12-21 21:00,能源化学工程,081304T,624,工学,化工与制药类,专业,化工与制药类,生效中
人力资源管理,1785684749472780,纪嘉澍,2023-12-19 14:44,纪嘉澍,2023-12-21 21:00,人力资源管理,120206,625,管理学,工商管理类,专业,工商管理类,生效中
意大利语,1785684749476892,纪嘉澍,2023-12-19 14:44,纪嘉澍,2023-12-21 21:00,意大利语,50238,627,文学,外国语言文学类,专业,外国语言文学类,生效中
食品质量与安全,1785684749485100,纪嘉澍,2023-12-19 14:44,纪嘉澍,2023-12-21 21:00,食品质量与安全,82702,633,工学,食品科学与工程类,专业,食品科学与工程类,生效中
音乐表演,1785684749484092,纪嘉澍,2023-12-19 14:44,纪嘉澍,2023-12-21 21:00,音乐表演,130201,635,艺术学,音乐与舞蹈学类,专业,音乐与舞蹈学类,生效中
城市地下空间工程,1785684749484060,纪嘉澍,2023-12-19 14:44,纪嘉澍,2023-12-21 21:00,城市地下空间工程,081005T,636,工学,土木类,专业,土木类,生效中
劳动关系,1785684749483020,纪嘉澍,2023-12-19 14:44,纪嘉澍,2023-12-21 21:00,劳动关系,120211T,637,管理学,工商管理类,专业,工商管理类,生效中
舞蹈编导,1785684749488140,纪嘉澍,2023-12-19 14:44,纪嘉澍,2023-12-21 21:00,舞蹈编导,130206,638,艺术学,音乐与舞蹈学类,专业,音乐与舞蹈学类,生效中
捷克语,1785684749488172,纪嘉澍,2023-12-19 14:44,纪嘉澍,2023-12-21 21:00,捷克语,50229,640,文学,外国语言文学类,专业,外国语言文学类,生效中
应用电子技术教育,1785684749472796,纪嘉澍,2023-12-19 14:44,纪嘉澍,2023-12-21 21:00,应用电子技术教育,080716T,642,工学,电子信息类,专业,电子信息类,生效中
核工程与核技术,1785684749473820,纪嘉澍,2023-12-19 14:44,纪嘉澍,2023-12-21 21:00,核工程与核技术,82201,643,工学,核工程类,专业,核工程类,生效中
边防指挥,1785684749473852,纪嘉澍,2023-12-19 14:44,纪嘉澍,2023-12-21 21:00,边防指挥,030607TK,658,法学,公安学类,专业,公安学类,生效中
轮机工程,1785684749481004,纪嘉澍,2023-12-19 14:44,纪嘉澍,2023-12-21 21:00,轮机工程,081804K,659,工学,交通运输类,专业,交通运输类,生效中
安全工程,1785684749476924,纪嘉澍,2023-12-19 14:44,纪嘉澍,2023-12-21 21:00,安全工程,82901,660,工学,安全科学与工程类,专业,安全科学与工程类,生效中
焊接技术与工程,1785684749478972,纪嘉澍,2023-12-19 14:44,纪嘉澍,2023-12-21 21:00,焊接技术与工程,080411T,661,工学,材料类,专业,材料类,生效中
尼泊尔语,1785684749485068,纪嘉澍,2023-12-19 14:44,纪嘉澍,2023-12-21 21:00,尼泊尔语,50243,664,文学,外国语言文学类,专业,外国语言文学类,生效中
商务英语,1785684749475900,纪嘉澍,2023-12-19 14:44,纪嘉澍,2023-12-21 21:00,商务英语,50262,671,文学,外国语言文学类,专业,外国语言文学类,生效中
信息工程,1785684749491244,纪嘉澍,2023-12-19 14:44,纪嘉澍,2023-12-21 21:00,信息工程,80706,673,工学,电子信息类,专业,电子信息类,生效中
微机电系统工程,1785684749492236,纪嘉澍,2023-12-19 14:44,纪嘉澍,2023-12-21 21:00,微机电系统工程,080210T,676,工学,机械类,专业,机械类,生效中
运动人体科学,1785684749479980,纪嘉澍,2023-12-19 14:44,纪嘉澍,2023-12-21 21:00,运动人体科学,40205,679,教育学,体育学类,专业,体育学类,生效中
哲学,1785684749479948,纪嘉澍,2023-12-19 14:44,纪嘉澍,2023-12-21 21:00,哲学,10101,681,哲学,哲学类,专业,哲学类,生效中
文物与博物馆学,1785684749477916,纪嘉澍,2023-12-19 14:44,纪嘉澍,2023-12-21 21:00,文物与博物馆学,60104,682,历史学,历史学类,专业,历史学类,生效中
水声工程,1785684749477900,纪嘉澍,2023-12-19 14:44,纪嘉澍,2023-12-21 21:00,水声工程,080708T,683,工学,电子信息类,专业,电子信息类,生效中
生物科学,1785684749489180,纪嘉澍,2023-12-19 14:44,纪嘉澍,2023-12-21 21:00,生物科学,71001,688,理学,生物科学类,专业,生物科学类,生效中
武器系统与工程,1785684749476908,纪嘉澍,2023-12-19 14:44,纪嘉澍,2023-12-21 21:00,武器系统与工程,82101,692,工学,兵器类,专业,兵器类,生效中
临床医学,1785684749479964,纪嘉澍,2023-12-19 14:44,纪嘉澍,2023-12-21 21:00,临床医学,100201K,694,医学,临床医学类,专业,临床医学类,生效中
智能电网信息工程,1785684749491212,纪嘉澍,2023-12-19 14:44,纪嘉澍,2023-12-21 21:00,智能电网信息工程,080602T,698,工学,电气类,专业,电气类,生效中
科学教育,1785684749479996,纪嘉澍,2023-12-19 14:44,纪嘉澍,2023-12-21 21:00,科学教育,40102,701,教育学,教育学类,专业,教育学类,生效中
粮食工程,1785684749489196,纪嘉澍,2023-12-19 14:44,纪嘉澍,2023-12-21 21:00,粮食工程,82703,705,工学,食品科学与工程类,专业,食品科学与工程类,生效中
宝石及材料工艺学,1785684749482012,纪嘉澍,2023-12-19 14:44,纪嘉澍,2023-12-21 21:00,宝石及材料工艺学,080410T,707,工学,材料类,专业,材料类,生效中
森林保护,1785684749490188,纪嘉澍,2023-12-19 14:44,纪嘉澍,2023-12-21 21:00,森林保护,90503,710,农学,林学类,专业,林学类,生效中
爱沙尼亚语,1785684749475868,纪嘉澍,2023-12-19 14:44,纪嘉澍,2023-12-21 21:00,爱沙尼亚语,50255,712,文学,外国语言文学类,专业,外国语言文学类,生效中
纳米材料与技术,1785684749481996,纪嘉澍,2023-12-19 14:44,纪嘉澍,2023-12-21 21:00,纳米材料与技术,080413T,713,工学,材料类,专业,材料类,生效中
救助与打捞工程,1785684749490204,纪嘉澍,2023-12-19 14:44,纪嘉澍,2023-12-21 21:00,救助与打捞工程,081807T,714,工学,交通运输类,专业,交通运输类,生效中
戏剧学,1785684749487148,纪嘉澍,2023-12-19 14:44,纪嘉澍,2023-12-21 21:00,戏剧学,130302,716,艺术学,戏剧与影视学类,专业,戏剧与影视学类,生效中
机械工艺技术,1785684749472828,纪嘉澍,2023-12-19 14:44,纪嘉澍,2023-12-21 21:00,机械工艺技术,080209T,718,工学,机械类,专业,机械类,生效中
探测制导与控制技术,1785684749483068,纪嘉澍,2023-12-19 14:44,纪嘉澍,2023-12-21 21:00,探测制导与控制技术,82103,720,工学,兵器类,专业,兵器类,生效中
社会学,1785684749473836,纪嘉澍,2023-12-19 14:44,纪嘉澍,2023-12-21 21:00,社会学,30301,723,法学,社会学类,专业,社会学类,生效中
信息管理与信息系统,1785684749476876,纪嘉澍,2023-12-19 14:44,纪嘉澍,2023-12-21 21:00,信息管理与信息系统,120102,728,管理学,管理科学与工程类,专业,管理科学与工程类,生效中
数理基础科学,1785684749478924,纪嘉澍,2023-12-19 14:44,纪嘉澍,2023-12-21 21:00,数理基础科学,070103T,730,理学,数学类,专业,数学类,生效中
设施农业科学与工程,1785684749471804,纪嘉澍,2023-12-19 14:44,纪嘉澍,2023-12-21 21:00,设施农业科学与工程,90106,731,农学,植物生产类,专业,植物生产类,生效中
药物制剂,1785684749480972,纪嘉澍,2023-12-19 14:44,纪嘉澍,2023-12-21 21:00,药物制剂,100702,736,医学,药学类,专业,药学类,生效中
家政学,1785684749487116,纪嘉澍,2023-12-19 14:44,纪嘉澍,2023-12-21 21:00,家政学,030305T,744,法学,社会学类,专业,社会学类,生效中
农业资源与环境,1785684749492268,纪嘉澍,2023-12-19 14:44,纪嘉澍,2023-12-21 21:00,农业资源与环境,90201,751,农学,自然保护与环境生态类,专业,自然保护与环境生态类,生效中
农业建筑环境与能源工程,1785684749483036,纪嘉澍,2023-12-19 14:44,纪嘉澍,2023-12-21 21:00,农业建筑环境与能源工程,82304,753,工学,农业工程类,专业,农业工程类,生效中
精神医学,1785684749475884,纪嘉澍,2023-12-19 14:44,纪嘉澍,2023-12-21 21:00,精神医学,100205TK,756,医学,临床医学类,专业,临床医学类,生效中
图书馆学,1785684750101540,纪嘉澍,2023-12-19 14:44,纪嘉澍,2023-12-21 21:00,图书馆学,120501,757,管理学,图书情报与档案管理类,专业,图书情报与档案管理类,生效中
档案学,1785684750106676,纪嘉澍,2023-12-19 14:44,纪嘉澍,2023-12-21 21:00,档案学,120502,758,管理学,图书情报与档案管理类,专业,图书情报与档案管理类,生效中
中医学,1785684750105620,纪嘉澍,2023-12-19 14:44,纪嘉澍,2023-12-21 21:00,中医学,100501K,760,医学,中医学类,专业,中医学类,生效中
非织造材料与工程,1785684750209124,纪嘉澍,2023-12-19 14:44,纪嘉澍,2023-12-21 21:00,非织造材料与工程,081603T,763,工学,纺织类,专业,纺织类,生效中
园林,1785684750211204,纪嘉澍,2023-12-19 14:44,纪嘉澍,2023-12-21 21:00,园林,90502,765,农学,林学类,专业,林学类,生效中
科学社会主义,1785684750211252,纪嘉澍,2023-12-19 14:44,纪嘉澍,2023-12-21 21:00,科学社会主义,30501,767,法学,马克思主义理论类,专业,马克思主义理论类,生效中
应用生物科学,1785684750210148,纪嘉澍,2023-12-19 14:44,纪嘉澍,2023-12-21 21:00,应用生物科学,090109T,772,农学,植物生产类,专业,植物生产类,生效中
梵语巴利语,1785684750109732,纪嘉澍,2023-12-19 14:44,纪嘉澍,2023-12-21 21:00,梵语巴利语,50211,773,文学,外国语言文学类,专业,外国语言文学类,生效中
爱尔兰语,1785684750209156,纪嘉澍,2023-12-19 14:44,纪嘉澍,2023-12-21 21:00,爱尔兰语,50251,776,文学,外国语言文学类,专业,外国语言文学类,生效中
豪萨语,1785684750106628,纪嘉澍,2023-12-19 14:44,纪嘉澍,2023-12-21 21:00,豪萨语,50224,780,文学,外国语言文学类,专业,外国语言文学类,生效中
雕塑,1785684750104612,纪嘉澍,2023-12-19 14:44,纪嘉澍,2023-12-21 21:00,雕塑,130403,786,艺术学,美术学类,专业,美术学类,生效中
质量管理工程,1785684750212164,纪嘉澍,2023-12-19 14:44,纪嘉澍,2023-12-21 21:00,质量管理工程,120703T,788,管理学,工业工程类,专业,工业工程类,生效中
环境科学与工程,1785684750107652,纪嘉澍,2023-12-19 14:44,纪嘉澍,2023-12-21 21:00,环境科学与工程,82501,790,工学,环境科学与工程类,专业,环境科学与工程类,生效中
工业设计,1785684750101556,纪嘉澍,2023-12-19 14:44,纪嘉澍,2023-12-21 21:00,工业设计,80205,791,工学,机械类,专业,机械类,生效中
林学,1785684750105636,纪嘉澍,2023-12-19 14:44,纪嘉澍,2023-12-21 21:00,林学,90501,793,农学,林学类,专业,林学类,生效中
拉脱维亚语,1785684750109700,纪嘉澍,2023-12-19 14:44,纪嘉澍,2023-12-21 21:00,拉脱维亚语,50252,794,文学,外国语言文学类,专业,外国语言文学类,生效中
药学,1785684750107668,纪嘉澍,2023-12-19 14:44,纪嘉澍,2023-12-21 21:00,药学,100701,800,医学,药学类,专业,药学类,生效中
药事管理,1785684750107684,纪嘉澍,2023-12-19 14:44,纪嘉澍,2023-12-21 21:00,药事管理,100704T,801,医学,药学类,专业,药学类,生效中
风景园林,1785684750101524,纪嘉澍,2023-12-19 14:44,纪嘉澍,2023-12-21 21:00,风景园林,82803,803,工学,建筑类,专业,建筑类,生效中
车辆工程,1785684750105652,纪嘉澍,2023-12-19 14:44,纪嘉澍,2023-12-21 21:00,车辆工程,80207,808,工学,机械类,专业,机械类,生效中
空间信息与数字技术,1785684750102564,纪嘉澍,2023-12-19 14:44,纪嘉澍,2023-12-21 21:00,空间信息与数字技术,080908T,809,工学,计算机类,专业,计算机类,生效中
影视摄影与制作,1785684750100516,纪嘉澍,2023-12-19 14:44,纪嘉澍,2023-12-21 21:00,影视摄影与制作,130311T,810,艺术学,戏剧与影视学类,专业,戏剧与影视学类,生效中
石油工程,1785684750211220,纪嘉澍,2023-12-19 14:44,纪嘉澍,2023-12-21 21:00,石油工程,81502,811,工学,矿业类,专业,矿业类,生效中
粉体材料科学与工程,1785684750211236,纪嘉澍,2023-12-19 14:44,纪嘉澍,2023-12-21 21:00,粉体材料科学与工程,080409T,816,工学,材料类,专业,材料类,生效中
国民经济管理,1785684750101508,纪嘉澍,2023-12-19 14:44,纪嘉澍,2023-12-21 21:00,国民经济管理,020103T,818,经济学,经济学类,专业,经济学类,生效中
葡萄牙语,1785684750108692,纪嘉澍,2023-12-19 14:44,纪嘉澍,2023-12-21 21:00,葡萄牙语,50232,819,文学,外国语言文学类,专业,外国语言文学类,生效中
水族科学与技术,1785684750109716,纪嘉澍,2023-12-19 14:44,纪嘉澍,2023-12-21 21:00,水族科学与技术,090603T,821,农学,水产类,专业,水产类,生效中
匈牙利语,1785684750210132,纪嘉澍,2023-12-19 14:44,纪嘉澍,2023-12-21 21:00,匈牙利语,50237,825,文学,外国语言文学类,专业,外国语言文学类,生效中
无机非金属材料工程,1785684750212180,纪嘉澍,2023-12-19 14:44,纪嘉澍,2023-12-21 21:00,无机非金属材料工程,80406,826,工学,材料类,专业,材料类,生效中
化学,1785684750104628,纪嘉澍,2023-12-19 14:44,纪嘉澍,2023-12-21 21:00,化学,70301,829,理学,化学类,专业,化学类,生效中
印地语,1785684750108676,纪嘉澍,2023-12-19 14:44,纪嘉澍,2023-12-21 21:00,印地语,50213,833,文学,外国语言文学类,专业,外国语言文学类,生效中
草业科学,1785684750209172,纪嘉澍,2023-12-19 14:44,纪嘉澍,2023-12-21 21:00,草业科学,90701,836,农学,草学类,专业,草学类,生效中
地球物理学,1785684750108724,纪嘉澍,2023-12-19 14:44,纪嘉澍,2023-12-21 21:00,地球物理学,70801,838,理学,地球物理学类,专业,地球物理学类,生效中
广播电视编导,1785684750107700,纪嘉澍,2023-12-19 14:44,纪嘉澍,2023-12-21 21:00,广播电视编导,130305,840,艺术学,戏剧与影视学类,专业,戏剧与影视学类,生效中
保密管理,1785684750106644,纪嘉澍,2023-12-19 14:44,纪嘉澍,2023-12-21 21:00,保密管理,120106TK,841,管理学,管理科学与工程类,专业,管理科学与工程类,生效中
工程物理,1785684750100532,纪嘉澍,2023-12-19 14:44,纪嘉澍,2023-12-21 21:00,工程物理,82203,842,工学,核工程类,专业,核工程类,生效中
机械工程,1785684750100500,纪嘉澍,2023-12-19 14:44,纪嘉澍,2023-12-21 21:00,机械工程,80201,843,工学,机械类,专业,机械类,生效中
物流管理,1785684750109748,纪嘉澍,2023-12-19 14:44,纪嘉澍,2023-12-21 21:00,物流管理,120601,847,管理学,物流管理与工程类,专业,物流管理与工程类,生效中
护理学,1785684750102548,纪嘉澍,2023-12-19 14:44,纪嘉澍,2023-12-21 21:00,护理学,101101,851,医学,护理学类,专业,护理学类,生效中
汉语国际教育,1785684750102580,纪嘉澍,2023-12-19 14:44,纪嘉澍,2023-12-21 21:00,汉语国际教育,50103,859,文学,中国语言文学类,专业,中国语言文学类,生效中
生物医学工程,1785684750108708,纪嘉澍,2023-12-19 14:44,纪嘉澍,2023-12-21 21:00,生物医学工程,82601,863,工学,生物医学工程类,专业,生物医学工程类,生效中
遥感科学与技术,1785684750209140,纪嘉澍,2023-12-19 14:44,纪嘉澍,2023-12-21 21:00,遥感科学与技术,81202,866,工学,测绘类,专业,测绘类,生效中
建筑环境与能源应用工程,1785684750210164,纪嘉澍,2023-12-19 14:44,纪嘉澍,2023-12-21 21:00,建筑环境与能源应用工程,81002,869,工学,土木类,专业,土木类,生效中
材料物理,1785684750104580,纪嘉澍,2023-12-19 14:44,纪嘉澍,2023-12-21 21:00,材料物理,80402,871,工学,材料类,专业,材料类,生效中
农业机械化及其自动化,1785684750104596,纪嘉澍,2023-12-19 14:44,纪嘉澍,2023-12-21 21:00,农业机械化及其自动化,82302,872,工学,农业工程类,专业,农业工程类,生效中
葡萄与葡萄酒工程,1785684750210116,纪嘉澍,2023-12-19 14:44,纪嘉澍,2023-12-21 21:00,葡萄与葡萄酒工程,082706T,877,工学,食品科学与工程类,专业,食品科学与工程类,生效中
农艺教育,1785684750102532,纪嘉澍,2023-12-19 14:44,纪嘉澍,2023-12-21 21:00,农艺教育,090110T,878,农学,植物生产类,专业,植物生产类,生效中
数字出版,1785684750106660,纪嘉澍,2023-12-19 14:44,纪嘉澍,2023-12-21 21:00,数字出版,050307T,879,文学,新闻传播学类,专业,新闻传播学类,生效中
功能材料,1785684750105604,纪嘉澍,2023-12-19 14:44,纪嘉澍,2023-12-21 21:00,功能材料,080412T,884,工学,材料类,专业,材料类,生效中
烟草,1785684750212196,纪嘉澍,2023-12-19 14:44,纪嘉澍,2023-12-21 21:00,烟草,090108T,886,农学,植物生产类,专业,植物生产类,生效中
统计学,1785684763410474,纪嘉澍,2023-12-19 14:44,纪嘉澍,2023-12-21 21:00,统计学,71201,888,理学,统计学类,专业,统计学类,生效中
电波传播与天线,1785684763409434,纪嘉澍,2023-12-19 14:44,纪嘉澍,2023-12-21 21:00,电波传播与天线,080713T,892,工学,电子信息类,专业,电子信息类,生效中
国际政治,1785684763407370,纪嘉澍,2023-12-19 14:44,纪嘉澍,2023-12-21 21:00,国际政治,30202,894,法学,政治学类,专业,政治学类,生效中
工商管理,1785684763402298,纪嘉澍,2023-12-19 14:44,纪嘉澍,2023-12-21 21:00,工商管理,120201K,896,管理学,工商管理类,专业,工商管理类,生效中
生物技术,1785684763413514,纪嘉澍,2023-12-19 14:44,纪嘉澍,2023-12-21 21:00,生物技术,71002,899,理学,生物科学类,专业,生物科学类,生效中
地下水科学与工程,1785684763407402,纪嘉澍,2023-12-19 14:44,纪嘉澍,2023-12-21 21:00,地下水科学与工程,081404T,900,工学,地质类,专业,地质类,生效中
公共艺术,1785684750232756,纪嘉澍,2023-12-19 14:44,纪嘉澍,2023-12-21 21:00,公共艺术,130506,902,艺术学,设计学类,专业,设计学类,生效中
舞蹈学,1785684763411498,纪嘉澍,2023-12-19 14:44,纪嘉澍,2023-12-21 21:00,舞蹈学,130205,905,艺术学,音乐与舞蹈学类,专业,音乐与舞蹈学类,生效中
建筑学,1785684763404298,纪嘉澍,2023-12-19 14:44,纪嘉澍,2023-12-21 21:00,建筑学,82801,906,工学,建筑类,专业,建筑类,生效中
维医学,1785684763410442,纪嘉澍,2023-12-19 14:44,纪嘉澍,2023-12-21 21:00,维医学,100505K,908,医学,中医学类,专业,中医学类,生效中
拉丁语,1785684763405322,纪嘉澍,2023-12-19 14:44,纪嘉澍,2023-12-21 21:00,拉丁语,50260,909,文学,外国语言文学类,专业,外国语言文学类,生效中
城市管理,1785684763410458,纪嘉澍,2023-12-19 14:44,纪嘉澍,2023-12-21 21:00,城市管理,120405,912,管理学,公共管理类,专业,公共管理类,生效中
海洋工程与技术,1785684763409418,纪嘉澍,2023-12-19 14:44,纪嘉澍,2023-12-21 21:00,海洋工程与技术,081902T,917,工学,海洋工程类,专业,海洋工程类,生效中
保加利亚语,1785684763412522,纪嘉澍,2023-12-19 14:44,纪嘉澍,2023-12-21 21:00,保加利亚语,50227,921,文学,外国语言文学类,专业,外国语言文学类,生效中
航海技术,1785684763402250,纪嘉澍,2023-12-19 14:44,纪嘉澍,2023-12-21 21:00,航海技术,081803K,922,工学,交通运输类,专业,交通运输类,生效中
德语,1785684763408394,纪嘉澍,2023-12-19 14:44,纪嘉澍,2023-12-21 21:00,德语,50203,925,文学,外国语言文学类,专业,外国语言文学类,生效中
艺术史论,1785684763409466,纪嘉澍,2023-12-19 14:44,纪嘉澍,2023-12-21 21:00,艺术史论,130101,926,艺术学,艺术学理论类,专业,艺术学理论类,生效中
信息与计算科学,1785684763413546,纪嘉澍,2023-12-19 14:44,纪嘉澍,2023-12-21 21:00,信息与计算科学,70102,931,理学,数学类,专业,数学类,生效中
新能源科学与工程,1785684750235732,纪嘉澍,2023-12-19 14:44,纪嘉澍,2023-12-21 21:00,新能源科学与工程,080503T,934,工学,能源动力类,专业,能源动力类,生效中
环境设计,1785684763412538,纪嘉澍,2023-12-19 14:44,纪嘉澍,2023-12-21 21:00,环境设计,130503,935,艺术学,设计学类,专业,设计学类,生效中
翻译,1785684763403322,纪嘉澍,2023-12-19 14:44,纪嘉澍,2023-12-21 21:00,翻译,50261,938,文学,外国语言文学类,专业,外国语言文学类,生效中
犯罪学,1785684750233684,纪嘉澍,2023-12-19 14:44,纪嘉澍,2023-12-21 21:00,犯罪学,030611TK,939,法学,公安学类,专业,公安学类,生效中
作曲与作曲技术理论,1785684763408426,纪嘉澍,2023-12-19 14:44,纪嘉澍,2023-12-21 21:00,作曲与作曲技术理论,130203,941,艺术学,音乐与舞蹈学类,专业,音乐与舞蹈学类,生效中
信息对抗技术,1785684763401226,纪嘉澍,2023-12-19 14:44,纪嘉澍,2023-12-21 21:00,信息对抗技术,82107,942,工学,兵器类,专业,兵器类,生效中
电子封装技术,1785684750235716,纪嘉澍,2023-12-19 14:44,纪嘉澍,2023-12-21 21:00,电子封装技术,080709T,943,工学,电子信息类,专业,电子信息类,生效中
动物药学,1785684763403290,纪嘉澍,2023-12-19 14:44,纪嘉澍,2023-12-21 21:00,动物药学,90402,945,农学,动物医学类,专业,动物医学类,生效中
教育学,1785684763401242,纪嘉澍,2023-12-19 14:44,纪嘉澍,2023-12-21 21:00,教育学,40101,946,教育学,教育学类,专业,教育学类,生效中
化学工程与工业生物工程,1785684750233716,纪嘉澍,2023-12-19 14:44,纪嘉澍,2023-12-21 21:00,化学工程与工业生物工程,081305T,949,工学,化工与制药类,专业,化工与制药类,生效中
电信工程及管理,1785684763404314,纪嘉澍,2023-12-19 14:44,纪嘉澍,2023-12-21 21:00,电信工程及管理,080715T,950,工学,电子信息类,专业,电子信息类,生效中
政治学与行政学,1785684763408410,纪嘉澍,2023-12-19 14:44,纪嘉澍,2023-12-21 21:00,政治学与行政学,30201,951,法学,政治学类,专业,政治学类,生效中
电子商务及法律,1785684763404330,纪嘉澍,2023-12-19 14:44,纪嘉澍,2023-12-21 21:00,电子商务及法律,120802T,953,管理学,电子商务类,专业,电子商务类,生效中
刑事科学技术,1785684763403306,纪嘉澍,2023-12-19 14:44,纪嘉澍,2023-12-21 21:00,刑事科学技术,083101K,956,工学,公安技术类,专业,公安技术类,生效中
乌克兰语,1785684763410490,纪嘉澍,2023-12-19 14:44,纪嘉澍,2023-12-21 21:00,乌克兰语,50247,957,文学,外国语言文学类,专业,外国语言文学类,生效中
数学与应用数学,1785684763403274,纪嘉澍,2023-12-19 14:44,纪嘉澍,2023-12-21 21:00,数学与应用数学,70101,959,理学,数学类,专业,数学类,生效中
汉语言,1785684763405370,纪嘉澍,2023-12-19 14:44,纪嘉澍,2023-12-21 21:00,汉语言,50102,963,文学,中国语言文学类,专业,中国语言文学类,生效中
放射医学,1785684763413562,纪嘉澍,2023-12-19 14:44,纪嘉澍,2023-12-21 21:00,放射医学,100206TK,967,医学,临床医学类,专业,临床医学类,生效中
空间科学与技术,1785684763406378,纪嘉澍,2023-12-19 14:44,纪嘉澍,2023-12-21 21:00,空间科学与技术,70802,968,理学,地球物理学类,专业,地球物理学类,生效中
蒙药学,1785684763404346,纪嘉澍,2023-12-19 14:44,纪嘉澍,2023-12-21 21:00,蒙药学,100804T,969,医学,中药学类,专业,中药学类,生效中
飞行器设计与工程,1785684763412506,纪嘉澍,2023-12-19 14:44,纪嘉澍,2023-12-21 21:00,飞行器设计与工程,82002,970,工学,航空航天类,专业,航空航天类,生效中
标准化工程,1785684763406362,纪嘉澍,2023-12-19 14:44,纪嘉澍,2023-12-21 21:00,标准化工程,120702T,971,管理学,工业工程类,专业,工业工程类,生效中
给排水科学与工程,1785684763415562,纪嘉澍,2023-12-19 14:44,纪嘉澍,2023-12-21 21:00,给排水科学与工程,81003,972,工学,土木类,专业,土木类,生效中
电气工程及其自动化,1785684763406394,纪嘉澍,2023-12-19 14:44,纪嘉澍,2023-12-21 21:00,电气工程及其自动化,80601,973,工学,电气类,专业,电气类,生效中
壮医学,1785684763411514,纪嘉澍,2023-12-19 14:44,纪嘉澍,2023-12-21 21:00,壮医学,100506K,978,医学,中医学类,专业,中医学类,生效中
缅甸语,1785684750233700,纪嘉澍,2023-12-19 14:44,纪嘉澍,2023-12-21 21:00,缅甸语,50216,979,文学,外国语言文学类,专业,外国语言文学类,生效中
波兰语,1785684763408442,纪嘉澍,2023-12-19 14:44,纪嘉澍,2023-12-21 21:00,波兰语,50228,981,文学,外国语言文学类,专业,外国语言文学类,生效中
数字媒体艺术,1785684763401258,纪嘉澍,2023-12-19 14:44,纪嘉澍,2023-12-21 21:00,数字媒体艺术,130508,983,艺术学,设计学类,专业,设计学类,生效中
日语,1785684763409450,纪嘉澍,2023-12-19 14:44,纪嘉澍,2023-12-21 21:00,日语,50207,985,文学,外国语言文学类,专业,外国语言文学类,生效中
艺术设计学,1785684763401274,纪嘉澍,2023-12-19 14:44,纪嘉澍,2023-12-21 21:00,艺术设计学,130501,986,艺术学,设计学类,专业,设计学类,生效中
伦理学,1785684750232740,纪嘉澍,2023-12-19 14:44,纪嘉澍,2023-12-21 21:00,伦理学,010104T,987,哲学,哲学类,专业,哲学类,生效中
应用物理学,1785684763405354,纪嘉澍,2023-12-19 14:44,纪嘉澍,2023-12-21 21:00,应用物理学,70202,988,理学,物理学类,专业,物理学类,生效中
地理国情监测,1785684763420730,纪嘉澍,2023-12-19 14:44,纪嘉澍,2023-12-21 21:00,地理国情监测,081204T,989,工学,测绘类,专业,测绘类,生效中
眼视光学,1785684763534404,纪嘉澍,2023-12-19 14:44,纪嘉澍,2023-12-21 21:00,眼视光学,101004,990,医学,医学技术类,专业,医学技术类,生效中
林产化工,1785684763530292,纪嘉澍,2023-12-19 14:44,纪嘉澍,2023-12-21 21:00,林产化工,82403,992,工学,林业工程类,专业,林业工程类,生效中
考古学,1785684763422730,纪嘉澍,2023-12-19 14:44,纪嘉澍,2023-12-21 21:00,考古学,60103,995,历史学,历史学类,专业,历史学类,生效中
斯瓦希里语,1785684763426858,纪嘉澍,2023-12-19 14:44,纪嘉澍,2023-12-21 21:00,斯瓦希里语,50225,996,文学,外国语言文学类,专业,外国语言文学类,生效中
智能科学与技术,1785684763426874,纪嘉澍,2023-12-19 14:44,纪嘉澍,2023-12-21 21:00,智能科学与技术,080907T,997,工学,计算机类,专业,计算机类,生效中
野生动物与自然保护区管理,1785684763532372,纪嘉澍,2023-12-19 14:44,纪嘉澍,2023-12-21 21:00,野生动物与自然保护区管理,90202,1004,农学,自然保护与环境生态类,专业,自然保护与环境生态类,生效中
中药制药,1785684763425850,纪嘉澍,2023-12-19 14:44,纪嘉澍,2023-12-21 21:00,中药制药,100805T,1010,医学,中药学类,专业,中药学类,生效中
辐射防护与核安全,1785684763533428,纪嘉澍,2023-12-19 14:44,纪嘉澍,2023-12-21 21:00,辐射防护与核安全,82202,1011,工学,核工程类,专业,核工程类,生效中
中药学,1785684763532404,纪嘉澍,2023-12-19 14:44,纪嘉澍,2023-12-21 21:00,中药学,100801,1013,医学,中药学类,专业,中药学类,生效中
瑞典语,1785684763420698,纪嘉澍,2023-12-19 14:44,纪嘉澍,2023-12-21 21:00,瑞典语,50233,1015,文学,外国语言文学类,专业,外国语言文学类,生效中
制药工程,1785684763419674,纪嘉澍,2023-12-19 14:44,纪嘉澍,2023-12-21 21:00,制药工程,81302,1023,工学,化工与制药类,专业,化工与制药类,生效中
哈医学,1785684763426826,纪嘉澍,2023-12-19 14:44,纪嘉澍,2023-12-21 21:00,哈医学,100507K,1024,医学,中医学类,专业,中医学类,生效中
逻辑学,1785684763530276,纪嘉澍,2023-12-19 14:44,纪嘉澍,2023-12-21 21:00,逻辑学,10102,1027,哲学,哲学类,专业,哲学类,生效中
经济犯罪侦查,1785684763419690,纪嘉澍,2023-12-19 14:44,纪嘉澍,2023-12-21 21:00,经济犯罪侦查,030606TK,1028,法学,公安学类,专业,公安学类,生效中
食品营养与检验教育,1785684763536548,纪嘉澍,2023-12-19 14:44,纪嘉澍,2023-12-21 21:00,食品营养与检验教育,082707T,1029,工学,食品科学与工程类,专业,食品科学与工程类,生效中
听力与言语康复学,1785684763533380,纪嘉澍,2023-12-19 14:44,纪嘉澍,2023-12-21 21:00,听力与言语康复学,101008T,1031,医学,医学技术类,专业,医学技术类,生效中
环境生态工程,1785684763530244,纪嘉澍,2023-12-19 14:44,纪嘉澍,2023-12-21 21:00,环境生态工程,82504,1037,工学,环境科学与工程类,专业,环境科学与工程类,生效中
越南语,1785684763529220,纪嘉澍,2023-12-19 14:44,纪嘉澍,2023-12-21 21:00,越南语,50223,1050,文学,外国语言文学类,专业,外国语言文学类,生效中
工业工程,1785684763422762,纪嘉澍,2023-12-19 14:44,纪嘉澍,2023-12-21 21:00,工业工程,120701,1051,管理学,工业工程类,专业,工业工程类,生效中
口腔医学,1785684763424826,纪嘉澍,2023-12-19 14:44,纪嘉澍,2023-12-21 21:00,口腔医学,100301K,1052,医学,口腔医学类,专业,口腔医学类,生效中
医学检验技术,1785684763531348,纪嘉澍,2023-12-19 14:44,纪嘉澍,2023-12-21 21:00,医学检验技术,101001,1057,医学,医学技术类,专业,医学技术类,生效中
行政管理,1785684763425834,纪嘉澍,2023-12-19 14:44,纪嘉澍,2023-12-21 21:00,行政管理,120402,1058,管理学,公共管理类,专业,公共管理类,生效中
针灸推拿学,1785684763425818,纪嘉澍,2023-12-19 14:44,纪嘉澍,2023-12-21 21:00,针灸推拿学,100502K,1059,医学,中医学类,专业,中医学类,生效中
飞行器制造工程,1785684763529236,纪嘉澍,2023-12-19 14:44,纪嘉澍,2023-12-21 21:00,飞行器制造工程,82003,1060,工学,航空航天类,专业,航空航天类,生效中
藏医学,1785684763529268,纪嘉澍,2023-12-19 14:44,纪嘉澍,2023-12-21 21:00,藏医学,100503K,1062,医学,中医学类,专业,中医学类,生效中
警卫学,1785684763533412,纪嘉澍,2023-12-19 14:44,纪嘉澍,2023-12-21 21:00,警卫学,030609TK,1065,法学,公安学类,专业,公安学类,生效中
中国共产党历史,1785684763535540,纪嘉澍,2023-12-19 14:44,纪嘉澍,2023-12-21 21:00,中国共产党历史,30502,1067,法学,马克思主义理论类,专业,马克思主义理论类,生效中
分子科学与工程,1785684763531364,纪嘉澍,2023-12-19 14:44,纪嘉澍,2023-12-21 21:00,分子科学与工程,070304T,1071,理学,化学类,专业,化学类,生效中
工艺美术,1785684763532356,纪嘉澍,2023-12-19 14:44,纪嘉澍,2023-12-21 21:00,工艺美术,130507,1072,艺术学,设计学类,专业,设计学类,生效中
侦查学,1785684763530260,纪嘉澍,2023-12-19 14:44,纪嘉澍,2023-12-21 21:00,侦查学,030602K,1073,法学,公安学类,专业,公安学类,生效中
贸易经济,1785684763529252,纪嘉澍,2023-12-19 14:44,纪嘉澍,2023-12-21 21:00,贸易经济,20402,1079,经济学,经济与贸易类,专业,经济与贸易类,生效中
大气科学,1785684763534452,纪嘉澍,2023-12-19 14:44,纪嘉澍,2023-12-21 21:00,大气科学,70601,1083,理学,大气科学类,专业,大气科学类,生效中
世界语,1785684763533396,纪嘉澍,2023-12-19 14:44,纪嘉澍,2023-12-21 21:00,世界语,50241,1085,文学,外国语言文学类,专业,外国语言文学类,生效中
财务会计教育,1785684763422746,纪嘉澍,2023-12-19 14:44,纪嘉澍,2023-12-21 21:00,财务会计教育,120213T,1086,管理学,工商管理类,专业,工商管理类,生效中
印刷工程,1785684763536532,纪嘉澍,2023-12-19 14:44,纪嘉澍,2023-12-21 21:00,印刷工程,81703,1092,工学,轻工类,专业,轻工类,生效中
物流工程,1785684763535508,纪嘉澍,2023-12-19 14:44,纪嘉澍,2023-12-21 21:00,物流工程,120602,1097,管理学,物流管理与工程类,专业,物流管理与工程类,生效中
中药资源与开发,1785684763419706,纪嘉澍,2023-12-19 14:44,纪嘉澍,2023-12-21 21:00,中药资源与开发,100802,1098,医学,中药学类,专业,中药学类,生效中
应用气象学,1785684763537540,纪嘉澍,2023-12-19 14:44,纪嘉澍,2023-12-21 21:00,应用气象学,70602,1099,理学,大气科学类,专业,大气科学类,生效中
蜂学,1785684763424778,纪嘉澍,2023-12-19 14:44,纪嘉澍,2023-12-21 21:00,蜂学,090303T,1101,农学,动物生产类,专业,动物生产类,生效中
矿物加工工程,1785684763423770,纪嘉澍,2023-12-19 14:44,纪嘉澍,2023-12-21 21:00,矿物加工工程,81503,1102,工学,矿业类,专业,矿业类,生效中
交通管理工程,1785684763421722,纪嘉澍,2023-12-19 14:44,纪嘉澍,2023-12-21 21:00,交通管理工程,083103TK,1105,工学,公安技术类,专业,公安技术类,生效中
建筑电气与智能化,1785684763423818,纪嘉澍,2023-12-19 14:44,纪嘉澍,2023-12-21 21:00,建筑电气与智能化,81004,1107,工学,土木类,专业,土木类,生效中
阿尔巴尼亚语,1785684763423786,纪嘉澍,2023-12-19 14:44,纪嘉澍,2023-12-21 21:00,阿尔巴尼亚语,50226,1108,文学,外国语言文学类,专业,外国语言文学类,生效中
宗教学,1785684763535524,纪嘉澍,2023-12-19 14:44,纪嘉澍,2023-12-21 21:00,宗教学,010103K,1110,哲学,哲学类,专业,哲学类,生效中
孟加拉语,1785684763424794,纪嘉澍,2023-12-19 14:44,纪嘉澍,2023-12-21 21:00,孟加拉语,50242,1111,文学,外国语言文学类,专业,外国语言文学类,生效中
能源与动力工程,1785684763421738,纪嘉澍,2023-12-19 14:44,纪嘉澍,2023-12-21 21:00,能源与动力工程,80501,1114,工学,能源动力类,专业,能源动力类,生效中
市场营销,1785684763423802,纪嘉澍,2023-12-19 14:44,纪嘉澍,2023-12-21 21:00,市场营销,120202,1115,管理学,工商管理类,专业,工商管理类,生效中
警务指挥与战术,1785684763420714,纪嘉澍,2023-12-19 14:44,纪嘉澍,2023-12-21 21:00,警务指挥与战术,030615TK,1116,法学,公安学类,专业,公安学类,生效中
水文与水资源工程,1785684763534436,纪嘉澍,2023-12-19 14:44,纪嘉澍,2023-12-21 21:00,水文与水资源工程,81102,1117,工学,水利类,专业,水利类,生效中
水土保持与荒漠化防治,1785684750224420,纪嘉澍,2023-12-19 14:44,纪嘉澍,2023-12-21 21:00,水土保持与荒漠化防治,90203,1120,农学,自然保护与环境生态类,专业,自然保护与环境生态类,生效中
卫生监督,1785684750220292,纪嘉澍,2023-12-19 14:44,纪嘉澍,2023-12-21 21:00,卫生监督,100404TK,1121,医学,公共卫生与预防医学类,专业,公共卫生与预防医学类,生效中
管理科学,1785684750218292,纪嘉澍,2023-12-19 14:44,纪嘉澍,2023-12-21 21:00,管理科学,120101,1122,管理学,管理科学与工程类,专业,管理科学与工程类,生效中
网络与新媒体,1785684750219284,纪嘉澍,2023-12-19 14:44,纪嘉澍,2023-12-21 21:00,网络与新媒体,050306T,1123,文学,新闻传播学类,专业,新闻传播学类,生效中
公共事业管理,1785684750223396,纪嘉澍,2023-12-19 14:44,纪嘉澍,2023-12-21 21:00,公共事业管理,120401,1125,管理学,公共管理类,专业,公共管理类,生效中
轻化工程,1785684750221364,纪嘉澍,2023-12-19 14:44,纪嘉澍,2023-12-21 21:00,轻化工程,81701,1126,工学,轻工类,专业,轻工类,生效中
材料成型及控制工程,1785684750225444,纪嘉澍,2023-12-19 14:44,纪嘉澍,2023-12-21 21:00,材料成型及控制工程,80203,1129,工学,机械类,专业,机械类,生效中
机械电子工程,1785684750224404,纪嘉澍,2023-12-19 14:44,纪嘉澍,2023-12-21 21:00,机械电子工程,80204,1130,工学,机械类,专业,机械类,生效中
轨道交通信号与控制,1785684750220340,纪嘉澍,2023-12-19 14:44,纪嘉澍,2023-12-21 21:00,轨道交通信号与控制,080802T,1133,工学,自动化类,专业,自动化类,生效中
药物化学,1785684750222388,纪嘉澍,2023-12-19 14:44,纪嘉澍,2023-12-21 21:00,药物化学,100706T,1137,医学,药学类,专业,药学类,生效中
资源勘查工程,1785684750217220,纪嘉澍,2023-12-19 14:44,纪嘉澍,2023-12-21 21:00,资源勘查工程,81403,1139,工学,地质类,专业,地质类,生效中
交通设备与控制工程,1785684750223364,纪嘉澍,2023-12-19 14:44,纪嘉澍,2023-12-21 21:00,交通设备与控制工程,081806T,1140,工学,交通运输类,专业,交通运输类,生效中
税收学,1785684750213188,纪嘉澍,2023-12-19 14:44,纪嘉澍,2023-12-21 21:00,税收学,20202,1142,经济学,财政学类,专业,财政学类,生效中
交通管理,1785684750216212,纪嘉澍,2023-12-19 14:44,纪嘉澍,2023-12-21 21:00,交通管理,120407T,1143,管理学,公共管理类,专业,公共管理类,生效中
地理科学,1785684750223412,纪嘉澍,2023-12-19 14:44,纪嘉澍,2023-12-21 21:00,地理科学,70501,1144,理学,地理科学类,专业,地理科学类,生效中
资源循环科学与工程,1785684750216196,纪嘉澍,2023-12-19 14:44,纪嘉澍,2023-12-21 21:00,资源循环科学与工程,081303T,1145,工学,化工与制药类,专业,化工与制药类,生效中
服装设计与工艺教育,1785684750219316,纪嘉澍,2023-12-19 14:44,纪嘉澍,2023-12-21 21:00,服装设计与工艺教育,081604T,1146,工学,纺织类,专业,纺织类,生效中
康复治疗学,1785684750218244,纪嘉澍,2023-12-19 14:44,纪嘉澍,2023-12-21 21:00,康复治疗学,101005,1150,医学,医学技术类,专业,医学技术类,生效中
口腔医学技术,1785684750221316,纪嘉澍,2023-12-19 14:44,纪嘉澍,2023-12-21 21:00,口腔医学技术,101006,1151,医学,医学技术类,专业,医学技术类,生效中
地理信息科学,1785684750213204,纪嘉澍,2023-12-19 14:44,纪嘉澍,2023-12-21 21:00,地理信息科学,70504,1153,理学,地理科学类,专业,地理科学类,生效中
历史学,1785684750217236,纪嘉澍,2023-12-19 14:44,纪嘉澍,2023-12-21 21:00,历史学,60101,1157,历史学,历史学类,专业,历史学类,生效中
电子与计算机工程,1785684750221348,纪嘉澍,2023-12-19 14:44,纪嘉澍,2023-12-21 21:00,电子与计算机工程,080909T,1160,工学,计算机类,专业,计算机类,生效中
财务管理,1785684750218276,纪嘉澍,2023-12-19 14:44,纪嘉澍,2023-12-21 21:00,财务管理,120204,1165,管理学,工商管理类,专业,工商管理类,生效中
绘画,1785684750218260,纪嘉澍,2023-12-19 14:44,纪嘉澍,2023-12-21 21:00,绘画,130402,1171,艺术学,美术学类,专业,美术学类,生效中
预防医学,1785684750222340,纪嘉澍,2023-12-19 14:44,纪嘉澍,2023-12-21 21:00,预防医学,100401K,1172,医学,公共卫生与预防医学类,专业,公共卫生与预防医学类,生效中
外国语言与外国历史,1785684750223380,纪嘉澍,2023-12-19 14:44,纪嘉澍,2023-12-21 21:00,外国语言与外国历史,060106T,1175,历史学,历史学类,专业,历史学类,生效中
女性学,1785684750225460,纪嘉澍,2023-12-19 14:44,纪嘉澍,2023-12-21 21:00,女性学,030304T,1177,法学,社会学类,专业,社会学类,生效中
信息资源管理,1785684750217252,纪嘉澍,2023-12-19 14:44,纪嘉澍,2023-12-21 21:00,信息资源管理,120503,1179,管理学,图书情报与档案管理类,专业,图书情报与档案管理类,生效中
荷兰语,1785684750226500,纪嘉澍,2023-12-19 14:44,纪嘉澍,2023-12-21 21:00,荷兰语,50245,1181,文学,外国语言文学类,专业,外国语言文学类,生效中
港口航道与海岸工程,1785684750219268,纪嘉澍,2023-12-19 14:44,纪嘉澍,2023-12-21 21:00,港口航道与海岸工程,81103,1183,工学,水利类,专业,水利类,生效中
服装与服饰设计,1785684750221332,纪嘉澍,2023-12-19 14:44,纪嘉澍,2023-12-21 21:00,服装与服饰设计,130505,1185,艺术学,设计学类,专业,设计学类,生效中
汽车维修工程教育,1785684750225412,纪嘉澍,2023-12-19 14:44,纪嘉澍,2023-12-21 21:00,汽车维修工程教育,080212T,1187,工学,机械类,专业,机械类,生效中
生物信息学,1785684750214244,纪嘉澍,2023-12-19 14:44,纪嘉澍,2023-12-21 21:00,生物信息学,71003,1194,理学,生物科学类,专业,生物科学类,生效中
自然地理与资源环境,1785684750225428,纪嘉澍,2023-12-19 14:44,纪嘉澍,2023-12-21 21:00,自然地理与资源环境,70502,1197,理学,地理科学类,专业,地理科学类,生效中
电影学,1785684750213236,纪嘉澍,2023-12-19 14:44,纪嘉澍,2023-12-21 21:00,电影学,130303,1204,艺术学,戏剧与影视学类,专业,戏剧与影视学类,生效中
菲律宾语,1785684750214228,纪嘉澍,2023-12-19 14:44,纪嘉澍,2023-12-21 21:00,菲律宾语,50210,1205,文学,外国语言文学类,专业,外国语言文学类,生效中
消防工程,1785684750219300,纪嘉澍,2023-12-19 14:44,纪嘉澍,2023-12-21 21:00,消防工程,083102K,1208,工学,公安技术类,专业,公安技术类,生效中
戏剧影视美术设计,1785684750216244,纪嘉澍,2023-12-19 14:44,纪嘉澍,2023-12-21 21:00,戏剧影视美术设计,130307,1212,艺术学,戏剧与影视学类,专业,戏剧与影视学类,生效中
泰米尔语,1785684750213220,纪嘉澍,2023-12-19 14:44,纪嘉澍,2023-12-21 21:00,泰米尔语,50239,1213,文学,外国语言文学类,专业,外国语言文学类,生效中
船舶与海洋工程,1785684750217268,纪嘉澍,2023-12-19 14:44,纪嘉澍,2023-12-21 21:00,船舶与海洋工程,81901,1216,工学,海洋工程类,专业,海洋工程类,生效中
资产评估,1785684750212212,纪嘉澍,2023-12-19 14:44,纪嘉澍,2023-12-21 21:00,资产评估,120208,1220,管理学,工商管理类,专业,工商管理类,生效中
武器发射工程,1785684750222356,纪嘉澍,2023-12-19 14:44,纪嘉澍,2023-12-21 21:00,武器发射工程,82102,1222,工学,兵器类,专业,兵器类,生效中
海洋渔业科学与技术,1785684750216228,纪嘉澍,2023-12-19 14:44,纪嘉澍,2023-12-21 21:00,海洋渔业科学与技术,90602,1223,农学,水产类,专业,水产类,生效中
传播学,1785684750220308,纪嘉澍,2023-12-19 14:44,纪嘉澍,2023-12-21 21:00,传播学,50304,1224,文学,新闻传播学类,专业,新闻传播学类,生效中
会计学,1785684750224436,纪嘉澍,2023-12-19 14:44,纪嘉澍,2023-12-21 21:00,会计学,120203K,1225,管理学,工商管理类,专业,工商管理类,生效中
飞行器质量与可靠性,1785684750214212,纪嘉澍,2023-12-19 14:44,纪嘉澍,2023-12-21 21:00,飞行器质量与可靠性,082006T,1226,工学,航空航天类,专业,航空航天类,生效中
海关管理,1785684750220324,纪嘉澍,2023-12-19 14:44,纪嘉澍,2023-12-21 21:00,海关管理,120406TK,1228,管理学,公共管理类,专业,公共管理类,生效中
农村区域发展,1785684750222372,纪嘉澍,2023-12-19 14:44,纪嘉澍,2023-12-21 21:00,农村区域发展,120302,1230,管理学,农业经济管理类,专业,农业经济管理类,生效中
边防管理,1785684750214260,纪嘉澍,2023-12-19 14:44,纪嘉澍,2023-12-21 21:00,边防管理,030603K,1233,法学,公安学类,专业,公安学类,生效中
动物科学,1785684750224388,纪嘉澍,2023-12-19 14:44,纪嘉澍,2023-12-21 21:00,动物科学,90301,1234,农学,动物生产类,专业,动物生产类,生效中
蚕学,1785684810869763,纪嘉澍,2023-12-19 14:44,纪嘉澍,2023-12-21 21:00,蚕学,090302T,1235,农学,动物生产类,专业,动物生产类,生效中
音乐学,1785684810868771,纪嘉澍,2023-12-19 14:44,纪嘉澍,2023-12-21 21:00,音乐学,130202,1237,艺术学,音乐与舞蹈学类,专业,音乐与舞蹈学类,生效中
医学实验技术,1785684810866723,纪嘉澍,2023-12-19 14:44,纪嘉澍,2023-12-21 21:00,医学实验技术,101002,1238,医学,医学技术类,专业,医学技术类,生效中
金融学,1785684800447564,纪嘉澍,2023-12-19 14:44,纪嘉澍,2023-12-21 21:00,金融学,020301K,1239,经济学,金融学类,专业,金融学类,生效中
文化遗产,1785684800452700,纪嘉澍,2023-12-19 14:44,纪嘉澍,2023-12-21 21:00,文化遗产,060107T,1244,历史学,历史学类,专业,历史学类,生效中
音乐治疗,1785684800452732,纪嘉澍,2023-12-19 14:44,纪嘉澍,2023-12-21 21:00,音乐治疗,130210T,1245,艺术学,音乐与舞蹈学类,专业,音乐与舞蹈学类,生效中
航空服务艺术与管理,1785684800450620,纪嘉澍,2023-12-19 14:44,纪嘉澍,2023-12-21 21:00,航空服务艺术与管理,130208TK,1246,艺术学,音乐与舞蹈学类,专业,音乐与舞蹈学类,生效中
流行音乐,1785684810864675,纪嘉澍,2023-12-19 14:44,纪嘉澍,2023-12-21 21:00,流行音乐,130209T,1247,艺术学,音乐与舞蹈学类,专业,音乐与舞蹈学类,生效中
流行舞蹈,1785684800449628,纪嘉澍,2023-12-19 14:44,纪嘉澍,2023-12-21 21:00,流行舞蹈,130211T,1248,艺术学,音乐与舞蹈学类,专业,音乐与舞蹈学类,生效中
舞蹈教育,1785684810865683,纪嘉澍,2023-12-19 14:44,纪嘉澍,2023-12-21 21:00,舞蹈教育,130207T,1249,艺术学,音乐与舞蹈学类,专业,音乐与舞蹈学类,生效中
包装设计,1785684810866739,纪嘉澍,2023-12-19 14:44,纪嘉澍,2023-12-21 21:00,包装设计,130512T,1250,艺术学,设计学类,专业,设计学类,生效中
陶瓷艺术设计,1785684810866691,纪嘉澍,2023-12-19 14:44,纪嘉澍,2023-12-21 21:00,陶瓷艺术设计,130510TK,1251,艺术学,设计学类,专业,设计学类,生效中
新媒体艺术,1785684810865699,纪嘉澍,2023-12-19 14:44,纪嘉澍,2023-12-21 21:00,新媒体艺术,130511T,1252,艺术学,设计学类,专业,设计学类,生效中
实验艺术,1785684800450588,纪嘉澍,2023-12-19 14:44,纪嘉澍,2023-12-21 21:00,实验艺术,130407TK,1253,艺术学,美术学类,专业,美术学类,生效中
文物保护与修复,1785684800449612,纪嘉澍,2023-12-19 14:44,纪嘉澍,2023-12-21 21:00,文物保护与修复,130409T,1254,艺术学,美术学类,专业,美术学类,生效中
漫画,1785684800453724,纪嘉澍,2023-12-19 14:44,纪嘉澍,2023-12-21 21:00,漫画,130410T,1255,艺术学,美术学类,专业,美术学类,生效中
跨媒体艺术,1785684800453740,纪嘉澍,2023-12-19 14:44,纪嘉澍,2023-12-21 21:00,跨媒体艺术,130408TK,1256,艺术学,美术学类,专业,美术学类,生效中
艺术管理,1785684800451660,纪嘉澍,2023-12-19 14:44,纪嘉澍,2023-12-21 21:00,艺术管理,130102T,1257,艺术学,艺术学理论类,专业,艺术学理论类,生效中
戏剧教育,1785684810868787,纪嘉澍,2023-12-19 14:44,纪嘉澍,2023-12-21 21:00,戏剧教育,130313T,1258,艺术学,戏剧与影视学类,专业,戏剧与影视学类,生效中
影视技术,1785684800453756,纪嘉澍,2023-12-19 14:44,纪嘉澍,2023-12-21 21:00,影视技术,130312T,1259,艺术学,戏剧与影视学类,专业,戏剧与影视学类,生效中
供应链管理,1785684800446588,纪嘉澍,2023-12-19 14:44,纪嘉澍,2023-12-21 21:00,供应链管理,120604T,1260,管理学,物流管理与工程类,专业,物流管理与工程类,生效中
零售业管理,1785684810867763,纪嘉澍,2023-12-19 14:44,纪嘉澍,2023-12-21 21:00,零售业管理,120215T,1261,管理学,工商管理类,专业,工商管理类,生效中
健康服务与管理,1785684810867747,纪嘉澍,2023-12-19 14:44,纪嘉澍,2023-12-21 21:00,健康服务与管理,120410T,1262,管理学,公共管理类,专业,公共管理类,生效中
医疗产品管理,1785684800446556,纪嘉澍,2023-12-19 14:44,纪嘉澍,2023-12-21 21:00,医疗产品管理,120412T,1263,管理学,公共管理类,专业,公共管理类,生效中
海警后勤管理,1785684810864691,纪嘉澍,2023-12-19 14:44,纪嘉澍,2023-12-21 21:00,海警后勤管理,120411TK,1264,管理学,公共管理类,专业,公共管理类,生效中
工程审计,1785684810865667,纪嘉澍,2023-12-19 14:44,纪嘉澍,2023-12-21 21:00,工程审计,120109T,1265,管理学,管理科学与工程类,专业,管理科学与工程类,生效中
计算金融,1785684800449660,纪嘉澍,2023-12-19 14:44,纪嘉澍,2023-12-21 21:00,计算金融,120110T,1266,管理学,管理科学与工程类,专业,管理科学与工程类,生效中
邮政管理,1785684800451708,纪嘉澍,2023-12-19 14:44,纪嘉澍,2023-12-21 21:00,邮政管理,120107T,1267,管理学,管理科学与工程类,专业,管理科学与工程类,生效中
大数据管理与应用,1785684800447612,纪嘉澍,2023-12-19 14:44,纪嘉澍,2023-12-21 21:00,大数据管理与应用,120108T,1268,管理学,管理科学与工程类,专业,管理科学与工程类,生效中
材料设计科学与工程,1785684800449644,纪嘉澍,2023-12-19 14:44,纪嘉澍,2023-12-21 21:00,材料设计科学与工程,080415T,1269,工学,材料类,专业,材料类,生效中
复合材料成型工程,1785684800453708,纪嘉澍,2023-12-19 14:44,纪嘉澍,2023-12-21 21:00,复合材料成型工程,080416T,1270,工学,材料类,专业,材料类,生效中
香料香精技术与工程,1785684800448620,纪嘉澍,2023-12-19 14:44,纪嘉澍,2023-12-21 21:00,香料香精技术与工程,081704T,1271,工学,轻工类,专业,轻工类,生效中
化妆品技术与工程,1785684800448604,纪嘉澍,2023-12-19 14:44,纪嘉澍,2023-12-21 21:00,化妆品技术与工程,081705T,1272,工学,轻工类,专业,轻工类,生效中
人居环境科学与技术,1785684810863635,纪嘉澍,2023-12-19 14:44,纪嘉澍,2023-12-21 21:00,人居环境科学与技术,082805T,1273,工学,建筑类,专业,建筑类,生效中
网络空间安全,1785684800450604,纪嘉澍,2023-12-19 14:44,纪嘉澍,2023-12-21 21:00,网络空间安全,080911TK,1274,工学,计算机类,专业,计算机类,生效中
电影制作,1785684800451676,纪嘉澍,2023-12-19 14:44,纪嘉澍,2023-12-21 21:00,电影制作,080913T,1275,工学,计算机类,专业,计算机类,生效中
保密技术,1785684810867715,纪嘉澍,2023-12-19 14:44,纪嘉澍,2023-12-21 21:00,保密技术,080914TK,1276,工学,计算机类,专业,计算机类,生效中
新媒体技术,1785684810863667,纪嘉澍,2023-12-19 14:44,纪嘉澍,2023-12-21 21:00,新媒体技术,080912T,1277,工学,计算机类,专业,计算机类,生效中
数据科学与大数据技术,1785684810865715,纪嘉澍,2023-12-19 14:44,纪嘉澍,2023-12-21 21:00,数据科学与大数据技术,080910T,1278,工学,计算机类,专业,计算机类,生效中
精细化工,1785684800447596,纪嘉澍,2023-12-19 14:44,纪嘉澍,2023-12-21 21:00,精细化工,081308T,1279,工学,化工与制药类,专业,化工与制药类,生效中
涂料工程,1785684810863651,纪嘉澍,2023-12-19 14:44,纪嘉澍,2023-12-21 21:00,涂料工程,081307T,1280,工学,化工与制药类,专业,化工与制药类,生效中
化工安全工程,1785684810864659,纪嘉澍,2023-12-19 14:44,纪嘉澍,2023-12-21 21:00,化工安全工程,081306T,1281,工学,化工与制药类,专业,化工与制药类,生效中
家具设计与工程,1785684800447580,纪嘉澍,2023-12-19 14:44,纪嘉澍,2023-12-21 21:00,家具设计与工程,082404T,1282,工学,林业工程类,专业,林业工程类,生效中
飞行器控制与信息工程,1785684800451692,纪嘉澍,2023-12-19 14:44,纪嘉澍,2023-12-21 21:00,飞行器控制与信息工程,082008T,1283,工学,航空航天类,专业,航空航天类,生效中
无人驾驶航空器系统工程,1785684800448588,纪嘉澍,2023-12-19 14:44,纪嘉澍,2023-12-21 21:00,无人驾驶航空器系统工程,082009T,1284,工学,航空航天类,专业,航空航天类,生效中
临床工程技术,1785684800450572,纪嘉澍,2023-12-19 14:44,纪嘉澍,2023-12-21 21:00,临床工程技术,082603T,1285,工学,生物医学工程类,专业,生物医学工程类,生效中
新能源汽车工程,1785684800452748,纪嘉澍,2023-12-19 14:44,纪嘉澍,2023-12-21 21:00,新能源汽车工程,080216T,1286,工学,机械类,专业,机械类,生效中
智能制造工程,1785684810867731,纪嘉澍,2023-12-19 14:44,纪嘉澍,2023-12-21 21:00,智能制造工程,080213T,1287,工学,机械类,专业,机械类,生效中
智能车辆工程,1785684810868755,纪嘉澍,2023-12-19 14:44,纪嘉澍,2023-12-21 21:00,智能车辆工程,080214T,1288,工学,机械类,专业,机械类,生效中
仿生科学与工程,1785684810863619,纪嘉澍,2023-12-19 14:44,纪嘉澍,2023-12-21 21:00,仿生科学与工程,080215T,1289,工学,机械类,专业,机械类,生效中
机器人工程,1785684818110515,纪嘉澍,2023-12-19 14:44,纪嘉澍,2023-12-21 21:00,机器人工程,080803T,1290,工学,自动化类,专业,自动化类,生效中
邮政工程,1785684818119715,纪嘉澍,2023-12-19 14:44,纪嘉澍,2023-12-21 21:00,邮政工程,080804T,1291,工学,自动化类,专业,自动化类,生效中
核电技术与控制工程,1785684818118659,纪嘉澍,2023-12-19 14:44,纪嘉澍,2023-12-21 21:00,核电技术与控制工程,080805T,1292,工学,自动化类,专业,自动化类,生效中
土木、水利与海洋工程,1785684818111491,纪嘉澍,2023-12-19 14:44,纪嘉澍,2023-12-21 21:00,土木、水利与海洋工程,081009T,1294,工学,土木类,专业,土木类,生效中
智能建造,1785684818111539,纪嘉澍,2023-12-19 14:44,纪嘉澍,2023-12-21 21:00,智能建造,081008T,1295,工学,土木类,专业,土木类,生效中
铁道工程,1785684818110483,纪嘉澍,2023-12-19 14:44,纪嘉澍,2023-12-21 21:00,铁道工程,081007T,1296,工学,土木类,专业,土木类,生效中
海警舰艇指挥与技术,1785684818119699,纪嘉澍,2023-12-19 14:44,纪嘉澍,2023-12-21 21:00,海警舰艇指挥与技术,083110TK,1297,工学,公安技术类,专业,公安技术类,生效中
数据警务技术,1785684818120739,纪嘉澍,2023-12-19 14:44,纪嘉澍,2023-12-21 21:00,数据警务技术,083111TK,1298,工学,公安技术类,专业,公安技术类,生效中
邮轮工程与管理,1785684818120755,纪嘉澍,2023-12-19 14:44,纪嘉澍,2023-12-21 21:00,邮轮工程与管理,081810T,1299,工学,交通运输类,专业,交通运输类,生效中
轨道交通电气与控制,1785684818111507,纪嘉澍,2023-12-19 14:44,纪嘉澍,2023-12-21 21:00,轨道交通电气与控制,081809T,1300,工学,交通运输类,专业,交通运输类,生效中
丝绸设计与工程,1785684818116691,纪嘉澍,2023-12-19 14:44,纪嘉澍,2023-12-21 21:00,丝绸设计与工程,081605T,1301,工学,纺织类,专业,纺织类,生效中
土地整治工程,1785684822960243,纪嘉澍,2023-12-19 14:44,纪嘉澍,2023-12-21 21:00,土地整治工程,082306T,1302,工学,农业工程类,专业,农业工程类,生效中
地理空间信息工程,1785684818110499,纪嘉澍,2023-12-19 14:44,纪嘉澍,2023-12-21 21:00,地理空间信息工程,081205T,1303,工学,测绘类,专业,测绘类,生效中
电缆工程,1785684822960227,纪嘉澍,2023-12-19 14:44,纪嘉澍,2023-12-21 21:00,电缆工程,080606T,1304,工学,电气类,专业,电气类,生效中
电机电器智能化,1785684822961251,纪嘉澍,2023-12-19 14:44,纪嘉澍,2023-12-21 21:00,电机电器智能化,080605T,1305,工学,电气类,专业,电气类,生效中
食品安全与检测,1785684818115587,纪嘉澍,2023-12-19 14:44,纪嘉澍,2023-12-21 21:00,食品安全与检测,082709T,1306,工学,食品科学与工程类,专业,食品科学与工程类,生效中
电子信息科学与技术,1785684818115603,纪嘉澍,2023-12-19 14:44,纪嘉澍,2023-12-21 21:00,电子信息科学与技术,080714T,1307,工学,电子信息类,专业,电子信息类,生效中
人工智能,1785684818113555,纪嘉澍,2023-12-19 14:44,纪嘉澍,2023-12-21 21:00,人工智能,080717T,1308,工学,电子信息类,专业,电子信息类,生效中
水利科学与工程,1785684818117699,纪嘉澍,2023-12-19 14:44,纪嘉澍,2023-12-21 21:00,水利科学与工程,081105T,1309,工学,水利类,专业,水利类,生效中
海洋机器人,1785684818112531,纪嘉澍,2023-12-19 14:44,纪嘉澍,2023-12-21 21:00,海洋机器人,081904T,1310,工学,海洋工程类,专业,海洋工程类,生效中
职业卫生工程,1785684818115635,纪嘉澍,2023-12-19 14:44,纪嘉澍,2023-12-21 21:00,职业卫生工程,082903T,1311,工学,安全科学与工程类,专业,安全科学与工程类,生效中
应急技术与管理,1785684818109491,纪嘉澍,2023-12-19 14:44,纪嘉澍,2023-12-21 21:00,应急技术与管理,082902T,1312,工学,安全科学与工程类,专业,安全科学与工程类,生效中
精密仪器,1785684818119731,纪嘉澍,2023-12-19 14:44,纪嘉澍,2023-12-21 21:00,精密仪器,080302T,1313,工学,仪器类,专业,仪器类,生效中
数字经济,1785684818114611,纪嘉澍,2023-12-19 14:44,纪嘉澍,2023-12-21 21:00,数字经济,020109T,1315,经济学,经济学类,专业,经济学类,生效中
经济工程,1785684818118675,纪嘉澍,2023-12-19 14:44,纪嘉澍,2023-12-21 21:00,经济工程,020108T,1316,经济学,经济学类,专业,经济学类,生效中
劳动经济学,1785684818113587,纪嘉澍,2023-12-19 14:44,纪嘉澍,2023-12-21 21:00,劳动经济学,020107T,1317,经济学,经济学类,专业,经济学类,生效中
金融科技,1785684818119683,纪嘉澍,2023-12-19 14:44,纪嘉澍,2023-12-21 21:00,金融科技,020310T,1318,经济学,金融学类,专业,金融学类,生效中
精算学,1785684822960195,纪嘉澍,2023-12-19 14:44,纪嘉澍,2023-12-21 21:00,精算学,020308T,1319,经济学,金融学类,专业,金融学类,生效中
互联网金融,1785684818112563,纪嘉澍,2023-12-19 14:44,纪嘉澍,2023-12-21 21:00,互联网金融,020309T,1320,经济学,金融学类,专业,金融学类,生效中
教育康复学,1785684818118691,纪嘉澍,2023-12-19 14:44,纪嘉澍,2023-12-21 21:00,教育康复学,040110TK,1321,教育学,教育学类,专业,教育学类,生效中
认知科学与技术,1785684818114579,纪嘉澍,2023-12-19 14:44,纪嘉澍,2023-12-21 21:00,认知科学与技术,040112T,1322,教育学,教育学类,专业,教育学类,生效中
卫生教育,1785684818116675,纪嘉澍,2023-12-19 14:44,纪嘉澍,2023-12-21 21:00,卫生教育,040111T,1323,教育学,教育学类,专业,教育学类,生效中
体能训练,1785684818115619,纪嘉澍,2023-12-19 14:44,纪嘉澍,2023-12-21 21:00,体能训练,040208T,1350,教育学,体育学类,专业,体育学类,生效中
电子竞技运动与管理,1785684818109507,纪嘉澍,2023-12-19 14:44,纪嘉澍,2023-12-21 21:00,电子竞技运动与管理,040210TK,1351,教育学,体育学类,专业,体育学类,生效中
智能体育工程,1785684818114595,纪嘉澍,2023-12-19 14:44,纪嘉澍,2023-12-21 21:00,智能体育工程,040211TK,1352,教育学,体育学类,专业,体育学类,生效中
体育旅游,1785684818113539,纪嘉澍,2023-12-19 14:44,纪嘉澍,2023-12-21 21:00,体育旅游,040212TK,1353,教育学,体育学类,专业,体育学类,生效中
冰雪运动,1785684818111523,纪嘉澍,2023-12-19 14:44,纪嘉澍,2023-12-21 21:00,冰雪运动,040209T,1354,教育学,体育学类,专业,体育学类,生效中
中兽医学,1785684818118707,纪嘉澍,2023-12-19 14:44,纪嘉澍,2023-12-21 21:00,中兽医学,090405T,1355,农学,动物医学类,专业,动物医学类,生效中
实验动物学,1785684818117747,纪嘉澍,2023-12-19 14:44,纪嘉澍,2023-12-21 21:00,实验动物学,090404T,1356,农学,动物医学类,专业,动物医学类,生效中
水生动物医学,1785684818110467,纪嘉澍,2023-12-19 14:44,纪嘉澍,2023-12-21 21:00,水生动物医学,090604TK,1357,农学,水产类,专业,水产类,生效中
经济林,1785684822960211,纪嘉澍,2023-12-19 14:44,纪嘉澍,2023-12-21 21:00,经济林,090504T,1358,农学,林学类,专业,林学类,生效中
经济动物学,1785684818113571,纪嘉澍,2023-12-19 14:44,纪嘉澍,2023-12-21 21:00,经济动物学,090304T,1359,农学,动物生产类,专业,动物生产类,生效中
马业科学,1785684818116723,纪嘉澍,2023-12-19 14:44,纪嘉澍,2023-12-21 21:00,马业科学,090305T,1360,农学,动物生产类,专业,动物生产类,生效中
时尚传播,1785684818117715,纪嘉澍,2023-12-19 14:44,纪嘉澍,2023-12-21 21:00,时尚传播,050308T,1361,文学,新闻传播学类,专业,新闻传播学类,生效中
国际新闻与传播,1785684818120723,纪嘉澍,2023-12-19 14:44,纪嘉澍,2023-12-21 21:00,国际新闻与传播,050309T,1362,文学,新闻传播学类,专业,新闻传播学类,生效中
手语翻译,1785684818116707,纪嘉澍,2023-12-19 14:44,纪嘉澍,2023-12-21 21:00,手语翻译,050109T,1363,文学,中国语言文学类,专业,中国语言文学类,生效中
中国语言与文化,1785684822961219,纪嘉澍,2023-12-19 14:44,纪嘉澍,2023-12-21 21:00,中国语言与文化,050108T,1364,文学,中国语言文学类,专业,中国语言文学类,生效中
生物医学科学,1785684822961235,纪嘉澍,2023-12-19 14:44,纪嘉澍,2023-12-21 21:00,生物医学科学,100103T,1365,医学,基础医学类,专业,基础医学类,生效中
生物医学,1785684818112547,纪嘉澍,2023-12-19 14:44,纪嘉澍,2023-12-21 21:00,生物医学,100102TK,1366,医学,基础医学类,专业,基础医学类,生效中
中医骨伤科学,1785684818109475,纪嘉澍,2023-12-19 14:44,纪嘉澍,2023-12-21 21:00,中医骨伤科学,100513TK,1367,医学,中医学类,专业,中医学类,生效中
回医学,1785684818104483,纪嘉澍,2023-12-19 14:44,纪嘉澍,2023-12-21 21:00,回医学,100509TK,1368,医学,中医学类,专业,中医学类,生效中
中医康复学,1785684818100339,纪嘉澍,2023-12-19 14:44,纪嘉澍,2023-12-21 21:00,中医康复学,100510TK,1369,医学,中医学类,专业,中医学类,生效中
中医儿科学,1785684818104451,纪嘉澍,2023-12-19 14:44,纪嘉澍,2023-12-21 21:00,中医儿科学,100512TK,1370,医学,中医学类,专业,中医学类,生效中
中医养生学,1785684818100323,纪嘉澍,2023-12-19 14:44,纪嘉澍,2023-12-21 21:00,中医养生学,100511TK,1371,医学,中医学类,专业,中医学类,生效中
化妆品科学与技术,1785684818095155,纪嘉澍,2023-12-19 14:44,纪嘉澍,2023-12-21 21:00,化妆品科学与技术,100708T,1372,医学,药学类,专业,药学类,生效中
助产学,1785684818104499,纪嘉澍,2023-12-19 14:44,纪嘉澍,2023-12-21 21:00,助产学,101102T,1373,医学,护理学类,专业,护理学类,生效中
儿科学,1785684818099315,纪嘉澍,2023-12-19 14:44,纪嘉澍,2023-12-21 21:00,儿科学,100207TK,1374,医学,临床医学类,专业,临床医学类,生效中
智能医学工程,1785684815810579,纪嘉澍,2023-12-19 14:44,纪嘉澍,2023-12-21 21:00,智能医学工程,101011T,1375,医学,医学技术类,专业,医学技术类,生效中
康复作业治疗,1785684815810611,纪嘉澍,2023-12-19 14:44,纪嘉澍,2023-12-21 21:00,康复作业治疗,101010T,1376,医学,医学技术类,专业,医学技术类,生效中
康复物理治疗,1785684818096163,纪嘉澍,2023-12-19 14:44,纪嘉澍,2023-12-21 21:00,康复物理治疗,101009T,1377,医学,医学技术类,专业,医学技术类,生效中
系统科学与工程,1785684818099283,纪嘉澍,2023-12-19 14:44,纪嘉澍,2023-12-21 21:00,系统科学与工程,070205T,1378,理学,物理学类,专业,物理学类,生效中
防灾减灾科学与工程,1785684818101331,纪嘉澍,2023-12-19 14:44,纪嘉澍,2023-12-21 21:00,防灾减灾科学与工程,070803T,1380,理学,地球物理学类,专业,地球物理学类,生效中
能源化学,1785684818099299,纪嘉澍,2023-12-19 14:44,纪嘉澍,2023-12-21 21:00,能源化学,070305T,1381,理学,化学类,专业,化学类,生效中
数据计算及应用,1785684818098291,纪嘉澍,2023-12-19 14:44,纪嘉澍,2023-12-21 21:00,数据计算及应用,070104T,1382,理学,数学类,专业,数学类,生效中
海洋技术,1785684818096131,纪嘉澍,2023-12-19 14:44,纪嘉澍,2023-12-21 21:00,海洋技术,70702,1383,理学,海洋科学类,专业,海洋科学类,生效中
神经科学,1785684818103363,纪嘉澍,2023-12-19 14:44,纪嘉澍,2023-12-21 21:00,神经科学,071006T,1384,理学,生物科学类,专业,生物科学类,生效中
整合科学,1785684818095107,纪嘉澍,2023-12-19 14:44,纪嘉澍,2023-12-21 21:00,整合科学,071005T,1385,理学,生物科学类,专业,生物科学类,生效中
国际组织与全球治理,1785684818101347,纪嘉澍,2023-12-19 14:44,纪嘉澍,2023-12-21 21:00,国际组织与全球治理,030206TK,1386,法学,政治学类,专业,政治学类,生效中
马克思主义理论,1785684818102387,纪嘉澍,2023-12-19 14:44,纪嘉澍,2023-12-21 21:00,马克思主义理论,030504T,1387,法学,马克思主义理论类,专业,马克思主义理论类,生效中
信用风险管理与法律防控,1785684818103379,纪嘉澍,2023-12-19 14:44,纪嘉澍,2023-12-21 21:00,信用风险管理与法律防控,030104T,1388,法学,法学类,专业,法学类,生效中
社区矫正,1785684818097187,纪嘉澍,2023-12-19 14:44,纪嘉澍,2023-12-21 21:00,社区矫正,030107TK,1389,法学,法学类,专业,法学类,生效中
司法警察学,1785684818095123,纪嘉澍,2023-12-19 14:44,纪嘉澍,2023-12-21 21:00,司法警察学,030106TK,1390,法学,法学类,专业,法学类,生效中
国际经贸规则,1785684815809571,纪嘉澍,2023-12-19 14:44,纪嘉澍,2023-12-21 21:00,国际经贸规则,030105T,1391,法学,法学类,专业,法学类,生效中
移民管理,1785684818101315,纪嘉澍,2023-12-19 14:44,纪嘉澍,2023-12-21 21:00,移民管理,030619TK,1392,法学,公安学类,专业,公安学类,生效中
公安政治工作,1785684818104467,纪嘉澍,2023-12-19 14:44,纪嘉澍,2023-12-21 21:00,公安政治工作,030618TK,1393,法学,公安学类,专业,公安学类,生效中
技术侦查学,1785684818102371,纪嘉澍,2023-12-19 14:44,纪嘉澍,2023-12-21 21:00,技术侦查学,030616TK,1394,法学,公安学类,专业,公安学类,生效中
出入境管理,1785684818099267,纪嘉澍,2023-12-19 14:44,纪嘉澍,2023-12-21 21:00,出入境管理,030620TK,1395,法学,公安学类,专业,公安学类,生效中
海警执法,1785684818097155,纪嘉澍,2023-12-19 14:44,纪嘉澍,2023-12-21 21:00,海警执法,030617TK,1396,法学,公安学类,专业,公安学类,生效中
语言学,1785684818098275,纪嘉澍,2023-12-19 14:44,纪嘉澍,2023-12-21 21:00,语言学,0502100T,2000,文学,外国语言文学类,专业,外国语言文学类,生效中
白俄罗斯语,1785684818105475,纪嘉澍,2023-12-19 14:44,纪嘉澍,2023-12-21 21:00,白俄罗斯语,050282T,2001,文学,外国语言文学类,专业,外国语言文学类,生效中
马其顿语,1785684818100291,纪嘉澍,2023-12-19 14:44,纪嘉澍,2023-12-21 21:00,马其顿语,050274T,2002,文学,外国语言文学类,专业,外国语言文学类,生效中
卢森堡语,1785684815810563,纪嘉澍,2023-12-19 14:44,纪嘉澍,2023-12-21 21:00,卢森堡语,050294T,2003,文学,外国语言文学类,专业,外国语言文学类,生效中
阿姆哈拉语,1785684818102339,纪嘉澍,2023-12-19 14:44,纪嘉澍,2023-12-21 21:00,阿姆哈拉语,050263T,2004,文学,外国语言文学类,专业,外国语言文学类,生效中
索马里语,1785684818095139,纪嘉澍,2023-12-19 14:44,纪嘉澍,2023-12-21 21:00,索马里语,050265T,2005,文学,外国语言文学类,专业,外国语言文学类,生效中
约鲁巴语,1785684815809539,纪嘉澍,2023-12-19 14:44,纪嘉澍,2023-12-21 21:00,约鲁巴语,050268T,2006,文学,外国语言文学类,专业,外国语言文学类,生效中
亚美尼亚语,1785684815809555,纪嘉澍,2023-12-19 14:44,纪嘉澍,2023-12-21 21:00,亚美尼亚语,050269T,2007,文学,外国语言文学类,专业,外国语言文学类,生效中
马达加斯加语,1785684818096179,纪嘉澍,2023-12-19 14:44,纪嘉澍,2023-12-21 21:00,马达加斯加语,050270T,2008,文学,外国语言文学类,专业,外国语言文学类,生效中
格鲁吉亚语,1785684818103411,纪嘉澍,2023-12-19 14:44,纪嘉澍,2023-12-21 21:00,格鲁吉亚语,050271T,2009,文学,外国语言文学类,专业,外国语言文学类,生效中
阿塞拜疆语,1785684818096147,纪嘉澍,2023-12-19 14:44,纪嘉澍,2023-12-21 21:00,阿塞拜疆语,050272T,2010,文学,外国语言文学类,专业,外国语言文学类,生效中
阿非利卡语,1785684818097171,纪嘉澍,2023-12-19 14:44,纪嘉澍,2023-12-21 21:00,阿非利卡语,050273T,2011,文学,外国语言文学类,专业,外国语言文学类,生效中
茨瓦纳语,1785684815807603,纪嘉澍,2023-12-19 14:44,纪嘉澍,2023-12-21 21:00,茨瓦纳语,050276T,2012,文学,外国语言文学类,专业,外国语言文学类,生效中
恩德贝莱语,1785684815810595,纪嘉澍,2023-12-19 14:44,纪嘉澍,2023-12-21 21:00,恩德贝莱语,050277T,2013,文学,外国语言文学类,专业,外国语言文学类,生效中
科摩罗语,1785684815809587,纪嘉澍,2023-12-19 14:44,纪嘉澍,2023-12-21 21:00,科摩罗语,050278T,2014,文学,外国语言文学类,专业,外国语言文学类,生效中
克里奥尔语,1785684818097203,纪嘉澍,2023-12-19 14:44,纪嘉澍,2023-12-21 21:00,克里奥尔语,050279T,2015,文学,外国语言文学类,专业,外国语言文学类,生效中
绍纳语,1785684818101363,纪嘉澍,2023-12-19 14:44,纪嘉澍,2023-12-21 21:00,绍纳语,050280T,2016,文学,外国语言文学类,专业,外国语言文学类,生效中
提格雷尼亚语,1785684818103395,纪嘉澍,2023-12-19 14:44,纪嘉澍,2023-12-21 21:00,提格雷尼亚语,050281T,2017,文学,外国语言文学类,专业,外国语言文学类,生效中
库尔德语,1785684818098243,纪嘉澍,2023-12-19 14:44,纪嘉澍,2023-12-21 21:00,库尔德语,050286T,2018,文学,外国语言文学类,专业,外国语言文学类,生效中
爪哇语,1785684818098259,纪嘉澍,2023-12-19 14:44,纪嘉澍,2023-12-21 21:00,爪哇语,0502102T,2019,文学,外国语言文学类,专业,外国语言文学类,生效中
旁遮普语,1785684818102355,纪嘉澍,2023-12-19 14:44,纪嘉澍,2023-12-21 21:00,旁遮普语,0502103T,2020,文学,外国语言文学类,专业,外国语言文学类,生效中
塔玛齐格特语,1785684818100307,纪嘉澍,2023-12-19 14:44,纪嘉澍,2023-12-21 21:00,塔玛齐格特语,0502101T,2021,文学,外国语言文学类,专业,外国语言文学类,生效中
达里语,1785684824676580,纪嘉澍,2023-12-19 14:44,纪嘉澍,2023-12-21 21:00,达里语,050288T,2022,文学,外国语言文学类,专业,外国语言文学类,生效中
德顿语,1785684824668180,纪嘉澍,2023-12-19 14:44,纪嘉澍,2023-12-21 21:00,德顿语,050289T,2023,文学,外国语言文学类,专业,外国语言文学类,生效中
迪维希语,1785684824673348,纪嘉澍,2023-12-19 14:44,纪嘉澍,2023-12-21 21:00,迪维希语,050290T,2024,文学,外国语言文学类,专业,外国语言文学类,生效中
隆迪语,1785684824669204,纪嘉澍,2023-12-19 14:44,纪嘉澍,2023-12-21 21:00,隆迪语,050293T,2025,文学,外国语言文学类,专业,外国语言文学类,生效中
卢旺达语,1785684824667188,纪嘉澍,2023-12-19 14:44,纪嘉澍,2023-12-21 21:00,卢旺达语,050295T,2026,文学,外国语言文学类,专业,外国语言文学类,生效中
切瓦语,1785684824679508,纪嘉澍,2023-12-19 14:44,纪嘉澍,2023-12-21 21:00,切瓦语,050298T,2027,文学,外国语言文学类,专业,外国语言文学类,生效中
塞苏陀语,1785684824667156,纪嘉澍,2023-12-19 14:44,纪嘉澍,2023-12-21 21:00,塞苏陀语,050299T,2028,文学,外国语言文学类,专业,外国语言文学类,生效中
桑戈语,1785684824667140,纪嘉澍,2023-12-19 14:44,纪嘉澍,2023-12-21 21:00,桑戈语,050200T,2029,文学,外国语言文学类,专业,外国语言文学类,生效中
老年学,1785684824679524,纪嘉澍,2023-12-19 14:44,纪嘉澍,2023-12-21 21:00,老年学,030306T,2545,法学,社会学类,专业,社会学类,生效中
运动能力开发,1785684824664116,纪嘉澍,2023-12-19 14:44,纪嘉澍,2023-12-21 21:00,运动能力开发,040213T,2546,教育学,体育学类,专业,体育学类,生效中
吉尔吉斯语,1785684824678436,纪嘉澍,2023-12-19 14:44,纪嘉澍,2023-12-21 21:00,吉尔吉斯语,050264T,2547,文学,外国语言文学类,专业,外国语言文学类,生效中
土库曼语,1785684824675444,纪嘉澍,2023-12-19 14:44,纪嘉澍,2023-12-21 21:00,土库曼语,050266T,2548,文学,外国语言文学类,专业,外国语言文学类,生效中
加泰罗尼亚语,1785684824665124,纪嘉澍,2023-12-19 14:44,纪嘉澍,2023-12-21 21:00,加泰罗尼亚语,050267T,2549,文学,外国语言文学类,专业,外国语言文学类,生效中
塔吉克语,1785684824676596,纪嘉澍,2023-12-19 14:44,纪嘉澍,2023-12-21 21:00,塔吉克语,050275T,2550,文学,外国语言文学类,专业,外国语言文学类,生效中
毛利语,1785684824675428,纪嘉澍,2023-12-19 14:44,纪嘉澍,2023-12-21 21:00,毛利语,050283T,2551,文学,外国语言文学类,专业,外国语言文学类,生效中
汤加语,1785684824664084,纪嘉澍,2023-12-19 14:44,纪嘉澍,2023-12-21 21:00,汤加语,050284T,2552,文学,外国语言文学类,专业,外国语言文学类,生效中
萨摩亚语,1785684824671332,纪嘉澍,2023-12-19 14:44,纪嘉澍,2023-12-21 21:00,萨摩亚语,050285T,2553,文学,外国语言文学类,专业,外国语言文学类,生效中
比斯拉马语,1785684824666116,纪嘉澍,2023-12-19 14:44,纪嘉澍,2023-12-21 21:00,比斯拉马语,050287T,2554,文学,外国语言文学类,专业,外国语言文学类,生效中
斐济语,1785684824673364,纪嘉澍,2023-12-19 14:44,纪嘉澍,2023-12-21 21:00,斐济语,050291T,2555,文学,外国语言文学类,专业,外国语言文学类,生效中
库克群岛毛利语,1785684824664100,纪嘉澍,2023-12-19 14:44,纪嘉澍,2023-12-21 21:00,库克群岛毛利语,050292T,2556,文学,外国语言文学类,专业,外国语言文学类,生效中
纽埃语,1785684824678420,纪嘉澍,2023-12-19 14:44,纪嘉澍,2023-12-21 21:00,纽埃语,050296T,2557,文学,外国语言文学类,专业,外国语言文学类,生效中
皮金语,1785684824663092,纪嘉澍,2023-12-19 14:44,纪嘉澍,2023-12-21 21:00,皮金语,050297T,2558,文学,外国语言文学类,专业,外国语言文学类,生效中
会展,1785684824674500,纪嘉澍,2023-12-19 14:44,纪嘉澍,2023-12-21 21:00,会展,99J001T,2559,文学,新闻传播学类（交叉专业）,专业,新闻传播学类（交叉专业）,生效中
智能感知工程,1785684824680468,纪嘉澍,2023-12-19 14:44,纪嘉澍,2023-12-21 21:00,智能感知工程,080303T,2560,工学,仪器类,专业,仪器类,生效中
智能材料与结构,1785684824671316,纪嘉澍,2023-12-19 14:44,纪嘉澍,2023-12-21 21:00,智能材料与结构,080417T,2561,工学,材料类,专业,材料类,生效中
储能科学与工程,1785684824672308,纪嘉澍,2023-12-19 14:44,纪嘉澍,2023-12-21 21:00,储能科学与工程,080504T,2562,工学,能源动力类,专业,能源动力类,生效中
海洋信息工程,1785684824678404,纪嘉澍,2023-12-19 14:44,纪嘉澍,2023-12-21 21:00,海洋信息工程,080718T,2563,工学,电子信息类,专业,电子信息类,生效中
智能装备与系统,1785684824679492,纪嘉澍,2023-12-19 14:44,纪嘉澍,2023-12-21 21:00,智能装备与系统,080806T,2564,工学,自动化类,专业,自动化类,生效中
工业智能,1785684824672292,纪嘉澍,2023-12-19 14:44,纪嘉澍,2023-12-21 21:00,工业智能,080807T,2565,工学,自动化类,专业,自动化类,生效中
服务科学与工程,1785684824674468,纪嘉澍,2023-12-19 14:44,纪嘉澍,2023-12-21 21:00,服务科学与工程,080915T,2566,工学,计算机类,专业,计算机类,生效中
虚拟现实技术,1785684824679540,纪嘉澍,2023-12-19 14:44,纪嘉澍,2023-12-21 21:00,虚拟现实技术,080916T,2567,工学,计算机类,专业,计算机类,生效中
区块链工程,1785684824672276,纪嘉澍,2023-12-19 14:44,纪嘉澍,2023-12-21 21:00,区块链工程,080917T,2568,工学,计算机类,专业,计算机类,生效中
土木、水利与交通工程,1785684824680500,纪嘉澍,2023-12-19 14:44,纪嘉澍,2023-12-21 21:00,土木、水利与交通工程,081010T,2569,工学,土木类,专业,土木类,生效中
旅游地学与规划工程,1785684824670212,纪嘉澍,2023-12-19 14:44,纪嘉澍,2023-12-21 21:00,旅游地学与规划工程,081405T,2570,工学,地质类,专业,地质类,生效中
智能无人系统技术,1785684824675460,纪嘉澍,2023-12-19 14:44,纪嘉澍,2023-12-21 21:00,智能无人系统技术,082108T,2571,工学,兵器类,专业,兵器类,生效中
农业智能装备工程,1785684824674484,纪嘉澍,2023-12-19 14:44,纪嘉澍,2023-12-21 21:00,农业智能装备工程,082307T,2572,工学,农业工程类,专业,农业工程类,生效中
康复工程,1785684824665108,纪嘉澍,2023-12-19 14:44,纪嘉澍,2023-12-21 21:00,康复工程,082604T,2573,工学,生物医学工程类,专业,生物医学工程类,生效中
食品营养与健康,1785684824672324,纪嘉澍,2023-12-19 14:44,纪嘉澍,2023-12-21 21:00,食品营养与健康,082710T,2574,工学,食品科学与工程类,专业,食品科学与工程类,生效中
食用菌科学与工程,1785684824668196,纪嘉澍,2023-12-19 14:44,纪嘉澍,2023-12-21 21:00,食用菌科学与工程,082711T,2575,工学,食品科学与工程类,专业,食品科学与工程类,生效中
白酒酿造工程,1785684824676564,纪嘉澍,2023-12-19 14:44,纪嘉澍,2023-12-21 21:00,白酒酿造工程,082712T,2576,工学,食品科学与工程类,专业,食品科学与工程类,生效中
城市设计,1785684824670228,纪嘉澍,2023-12-19 14:44,纪嘉澍,2023-12-21 21:00,城市设计,082806T,2577,工学,建筑类,专业,建筑类,生效中
智慧建筑与建造,1785684824669188,纪嘉澍,2023-12-19 14:44,纪嘉澍,2023-12-21 21:00,智慧建筑与建造,082807T,2578,工学,建筑类,专业,建筑类,生效中
合成生物学,1785684824666164,纪嘉澍,2023-12-19 14:44,纪嘉澍,2023-12-21 21:00,合成生物学,083003T,2579,工学,生物工程类,专业,生物工程类,生效中
智慧农业,1785684824670260,纪嘉澍,2023-12-19 14:44,纪嘉澍,2023-12-21 21:00,智慧农业,090112T,2580,农学,植物生产类,专业,植物生产类,生效中
菌物科学与工程,1785684824673380,纪嘉澍,2023-12-19 14:44,纪嘉澍,2023-12-21 21:00,菌物科学与工程,090113T,2581,农学,植物生产类,专业,植物生产类,生效中
农药化肥,1785684824680452,纪嘉澍,2023-12-19 14:44,纪嘉澍,2023-12-21 21:00,农药化肥,090114T,2582,农学,植物生产类,专业,植物生产类,生效中
生物质科学与工程,1785684824674452,纪嘉澍,2023-12-19 14:44,纪嘉澍,2023-12-21 21:00,生物质科学与工程,090204T,2583,农学,自然保护与环境生态类,专业,自然保护与环境生态类,生效中
草坪科学与工程,1785684824671300,纪嘉澍,2023-12-19 14:44,纪嘉澍,2023-12-21 21:00,草坪科学与工程,090702T,2584,农学,草学类,专业,草学类,生效中
傣医学,1785684824666148,纪嘉澍,2023-12-19 14:44,纪嘉澍,2023-12-21 21:00,傣医学,100508TK,2585,医学,中医学类,专业,中医学类,生效中
应急管理,1785684824669220,纪嘉澍,2023-12-19 14:44,纪嘉澍,2023-12-21 21:00,应急管理,120111T,2586,管理学,管理科学与工程类,专业,管理科学与工程类,生效中
医疗保险,1785684800431196,纪嘉澍,2023-12-19 14:44,纪嘉澍,2023-12-21 21:00,医疗保险,120413T,2587,管理学,公共管理类,专业,公共管理类,生效中
养老服务管理,1785684796761156,纪嘉澍,2023-12-19 14:44,纪嘉澍,2023-12-21 21:00,养老服务管理,120414T,2588,管理学,公共管理类,专业,公共管理类,生效中
跨境电子商务,1785684800435260,纪嘉澍,2023-12-19 14:44,纪嘉澍,2023-12-21 21:00,跨境电子商务,120803T,2589,管理学,电子商务类,专业,电子商务类,生效中
反恐警务,1785684800432236,纪嘉澍,2023-12-19 14:44,纪嘉澍,2023-12-21 21:00,反恐警务,030621TK,2627,法学,公安学类,专业,公安学类,生效中
融合教育,1785684800433228,纪嘉澍,2023-12-19 14:44,纪嘉澍,2023-12-21 21:00,融合教育,040113T,2628,教育学,教育学类,专业,教育学类,生效中
古文字学,1785684800431228,纪嘉澍,2023-12-19 14:44,纪嘉澍,2023-12-21 21:00,古文字学,060108T,2629,历史学,历史学类,专业,历史学类,生效中
量子信息科学,1785684800430236,纪嘉澍,2023-12-19 14:44,纪嘉澍,2023-12-21 21:00,量子信息科学,070206T,2630,理学,物理学类,专业,物理学类,生效中
气象技术与工程,1785684800439308,纪嘉澍,2023-12-19 14:44,纪嘉澍,2023-12-21 21:00,气象技术与工程,070603T,2631,理学,大气科学类,专业,大气科学类,生效中
能源服务工程,1785684796760164,纪嘉澍,2023-12-19 14:44,纪嘉澍,2023-12-21 21:00,能源服务工程,080505T,2632,工学,能源动力类,专业,能源动力类,生效中
能源互联网工程,1785684800438284,纪嘉澍,2023-12-19 14:44,纪嘉澍,2023-12-21 21:00,能源互联网工程,080607T,2633,工学,电气类,专业,电气类,生效中
柔性电子学,1785684800438332,纪嘉澍,2023-12-19 14:44,纪嘉澍,2023-12-21 21:00,柔性电子学,080719T,2634,工学,电子信息类,专业,电子信息类,生效中
密码科学与技术,1785684800429212,纪嘉澍,2023-12-19 14:44,纪嘉澍,2023-12-21 21:00,密码科学与技术,080918TK,2635,工学,计算机类,专业,计算机类,生效中
智能采矿工程,1785684796761188,纪嘉澍,2023-12-19 14:44,纪嘉澍,2023-12-21 21:00,智能采矿工程,081507T,2636,工学,矿业类,专业,矿业类,生效中
智能飞行器技术,1785684800436252,纪嘉澍,2023-12-19 14:44,纪嘉澍,2023-12-21 21:00,智能飞行器技术,082010T,2637,工学,航空航天类,专业,航空航天类,生效中
食品药品环境犯罪侦查技术,1785684800429228,纪嘉澍,2023-12-19 14:44,纪嘉澍,2023-12-21 21:00,食品药品环境犯罪侦查技术,083112TK,2638,工学,公安技术类,专业,公安技术类,生效中
饲料工程,1785684796759156,纪嘉澍,2023-12-19 14:44,纪嘉澍,2023-12-21 21:00,饲料工程,090306T,2639,农学,动物生产类,专业,动物生产类,生效中
智慧牧业科学与工程,1785684800431212,纪嘉澍,2023-12-19 14:44,纪嘉澍,2023-12-21 21:00,智慧牧业科学与工程,090307T,2640,农学,动物生产类,专业,动物生产类,生效中
运动与公共健康,1785684800430252,纪嘉澍,2023-12-19 14:44,纪嘉澍,2023-12-21 21:00,运动与公共健康,100406T,2641,医学,公共卫生与预防医学类,专业,公共卫生与预防医学类,生效中
生物医药数据科学,1785684800434236,纪嘉澍,2023-12-19 14:44,纪嘉澍,2023-12-21 21:00,生物医药数据科学,101012T,2642,医学,医学技术类,专业,医学技术类,生效中
海关检验检疫安全,1785684796760180,纪嘉澍,2023-12-19 14:44,纪嘉澍,2023-12-21 21:00,海关检验检疫安全,120415TK,2643,管理学,公共管理类,专业,公共管理类,生效中
海外安全管理,1785684800438300,纪嘉澍,2023-12-19 14:44,纪嘉澍,2023-12-21 21:00,海外安全管理,120416TK,2644,管理学,公共管理类,专业,公共管理类,生效中
自然资源登记与管理,1785684800435212,纪嘉澍,2023-12-19 14:44,纪嘉澍,2023-12-21 21:00,自然资源登记与管理,120417T,2645,管理学,公共管理类,专业,公共管理类,生效中
非物质文化遗产保护,1785684800434204,纪嘉澍,2023-12-19 14:44,纪嘉澍,2023-12-21 21:00,非物质文化遗产保护,130103T,2646,艺术学,艺术学理论类,专业,艺术学理论类,生效中
消防政治工作,1785684800433244,纪嘉澍,2023-12-19 14:44,纪嘉澍,2023-12-21 21:00,消防政治工作,030622TK,2647,法学,公安学类,专业,公安学类,生效中
纪检监察,1785684800433276,纪嘉澍,2023-12-19 14:44,纪嘉澍,2023-12-21 21:00,纪检监察,030108TK,,法学,法学类,专业,法学类,生效中
铁路警务,1785684800428220,纪嘉澍,2023-12-19 14:44,纪嘉澍,2023-12-21 21:00,铁路警务,030623TK,,法学,公安学类,专业,公安学类,生效中
社会政策,1785684800436268,纪嘉澍,2023-12-19 14:44,纪嘉澍,2023-12-21 21:00,社会政策,030307T,,法学,社会学类,专业,社会学类,生效中
光电信息材料与器件,1785684800428188,纪嘉澍,2023-12-19 14:44,纪嘉澍,2023-12-21 21:00,光电信息材料与器件,080418T,,工学,材料类,专业,材料类,生效中
智慧能源工程,1785684800434220,纪嘉澍,2023-12-19 14:44,纪嘉澍,2023-12-21 21:00,智慧能源工程,080608TK,,工学,电气类,专业,电气类,生效中
智能测控工程,1785684800435244,纪嘉澍,2023-12-19 14:44,纪嘉澍,2023-12-21 21:00,智能测控工程,080720T,,工学,电子信息类,专业,电子信息类,生效中
智能地球探测,1785684800428204,纪嘉澍,2023-12-19 14:44,纪嘉澍,2023-12-21 21:00,智能地球探测,081406T,,工学,地质类,专业,地质类,生效中
资源环境大数据工程,1785684796760148,纪嘉澍,2023-12-19 14:44,纪嘉澍,2023-12-21 21:00,资源环境大数据工程,081407T,,工学,地质类,专业,地质类,生效中
智慧海洋技术,1785684800428172,纪嘉澍,2023-12-19 14:44,纪嘉澍,2023-12-21 21:00,智慧海洋技术,081905T,,工学,海洋工程类,专业,海洋工程类,生效中
空天智能电推进技术,1785684800430268,纪嘉澍,2023-12-19 14:44,纪嘉澍,2023-12-21 21:00,空天智能电推进技术,082011T,,工学,航空航天类,专业,航空航天类,生效中
智慧交通,1785684800436236,纪嘉澍,2023-12-19 14:44,纪嘉澍,2023-12-21 21:00,智慧交通,081811T,,工学,交通运输类,专业,交通运输类,生效中
智能运输工程,1785684800432252,纪嘉澍,2023-12-19 14:44,纪嘉澍,2023-12-21 21:00,智能运输工程,081812T,,工学,交通运输类,专业,交通运输类,生效中
增材制造工程,1785684800435228,纪嘉澍,2023-12-19 14:44,纪嘉澍,2023-12-21 21:00,增材制造工程,080217T,,工学,机械类,专业,机械类,生效中
智能交互设计,1785684800436284,纪嘉澍,2023-12-19 14:44,纪嘉澍,2023-12-21 21:00,智能交互设计,080218T,,工学,机械类,专业,机械类,生效中
应急装备技术与工程,1785684800432220,纪嘉澍,2023-12-19 14:44,纪嘉澍,2023-12-21 21:00,应急装备技术与工程,080219T,,工学,机械类,专业,机械类,生效中
碳储科学与工程,1785684800432204,纪嘉澍,2023-12-19 14:44,纪嘉澍,2023-12-21 21:00,碳储科学与工程,081508TK,,工学,矿业类,专业,矿业类,生效中
木结构建筑与材料,1785684800431180,纪嘉澍,2023-12-19 14:44,纪嘉澍,2023-12-21 21:00,木结构建筑与材料,082405T,,工学,林业工程类,专业,林业工程类,生效中
氢能科学与工程,1785684800429244,纪嘉澍,2023-12-19 14:44,纪嘉澍,2023-12-21 21:00,氢能科学与工程,080506TK,,工学,能源动力类,专业,能源动力类,生效中
可持续能源,1785684800434188,纪嘉澍,2023-12-19 14:44,纪嘉澍,2023-12-21 21:00,可持续能源,080507TK,,工学,能源动力类,专业,能源动力类,生效中
生物质能源与材料,1785684796760132,纪嘉澍,2023-12-19 14:44,纪嘉澍,2023-12-21 21:00,生物质能源与材料,081706TK,,工学,轻工类,专业,轻工类,生效中
智慧水利,1785684796761172,纪嘉澍,2023-12-19 14:44,纪嘉澍,2023-12-21 21:00,智慧水利,081106T,,工学,水利类,专业,水利类,生效中
城市水系统工程,1785684800433260,纪嘉澍,2023-12-19 14:44,纪嘉澍,2023-12-21 21:00,城市水系统工程,081011T,,工学,土木类,专业,土木类,生效中
智能建造与智慧交通,1785684800429260,纪嘉澍,2023-12-19 14:44,纪嘉澍,2023-12-21 21:00,智能建造与智慧交通,081012T,,工学,土木类,专业,土木类,生效中
智能工程与创意设计,1785684800438316,纪嘉澍,2023-12-19 14:44,纪嘉澍,2023-12-21 21:00,智能工程与创意设计,080808T,,工学,自动化类,专业,自动化类,生效中
慈善管理,1785684800430220,纪嘉澍,2023-12-19 14:44,纪嘉澍,2023-12-21 21:00,慈善管理,120418T,,管理学,公共管理类,专业,公共管理类,生效中
创业管理,1785684796761204,纪嘉澍,2023-12-19 14:44,纪嘉澍,2023-12-21 21:00,创业管理,120216T,,管理学,工商管理类,专业,工商管理类,生效中
海关稽查,1785684796743812,纪嘉澍,2023-12-19 14:44,纪嘉澍,2023-12-21 21:00,海关稽查,120217TK,,管理学,工商管理类,专业,工商管理类,生效中
劳动教育,1785684796744868,纪嘉澍,2023-12-19 14:44,纪嘉澍,2023-12-21 21:00,劳动教育,040114TK,,教育学,教育学类,专业,教育学类,生效中
国际税收,1785684796744836,纪嘉澍,2023-12-19 14:44,纪嘉澍,2023-12-21 21:00,国际税收,020203TK,,经济学,财政学类,专业,财政学类,生效中
国际经济发展合作,1785684796742820,纪嘉澍,2023-12-19 14:44,纪嘉澍,2023-12-21 21:00,国际经济发展合作,020403T,,经济学,经济与贸易类,专业,经济与贸易类,生效中
科学史,1785684796743828,纪嘉澍,2023-12-19 14:44,纪嘉澍,2023-12-21 21:00,科学史,060109T,,历史学,历史学类,专业,历史学类,生效中
行星科学,1785684796745860,纪嘉澍,2023-12-19 14:44,纪嘉澍,2023-12-21 21:00,行星科学,070804TK,,理学,地球物理学类,专业,地球物理学类,生效中
化学测量学与技术,1785684796746900,纪嘉澍,2023-12-19 14:44,纪嘉澍,2023-12-21 21:00,化学测量学与技术,070306T,,理学,化学类,专业,化学类,生效中
兽医公共卫生,1785684796744852,纪嘉澍,2023-12-19 14:44,纪嘉澍,2023-12-21 21:00,兽医公共卫生,090406TK,,农学,动物医学类,专业,动物医学类,生效中
智慧林业,1785684796746916,纪嘉澍,2023-12-19 14:44,纪嘉澍,2023-12-21 21:00,智慧林业,090505T,,农学,林学类,专业,林学类,生效中
生物农药科学与工程,1785684796746884,纪嘉澍,2023-12-19 14:44,纪嘉澍,2023-12-21 21:00,生物农药科学与工程,090115T,,农学,植物生产类,专业,植物生产类,生效中
生物育种科学,1785684796743844,纪嘉澍,2023-12-19 14:44,纪嘉澍,2023-12-21 21:00,生物育种科学,090116TK,,农学,植物生产类,专业,植物生产类,生效中
土地科学与技术,1785684796742788,纪嘉澍,2023-12-19 14:44,纪嘉澍,2023-12-21 21:00,土地科学与技术,090205T,,农学,自然保护与环境生态类,专业,自然保护与环境生态类,生效中
湿地保护与恢复,1785684796744884,纪嘉澍,2023-12-19 14:44,纪嘉澍,2023-12-21 21:00,湿地保护与恢复,090206T,,农学,自然保护与环境生态类,专业,自然保护与环境生态类,生效中
纤维艺术,1785684796747908,纪嘉澍,2023-12-19 14:44,纪嘉澍,2023-12-21 21:00,纤维艺术,130411T,,艺术学,美术学类,专业,美术学类,生效中
科技艺术,1785684796742836,纪嘉澍,2023-12-19 14:44,纪嘉澍,2023-12-21 21:00,科技艺术,130412TK,,艺术学,美术学类,专业,美术学类,生效中
美术教育,1785684796745892,纪嘉澍,2023-12-19 14:44,纪嘉澍,2023-12-21 21:00,美术教育,130413TK,,艺术学,美术学类,专业,美术学类,生效中
珠宝首饰设计与工艺,1785684796742804,纪嘉澍,2023-12-19 14:44,纪嘉澍,2023-12-21 21:00,珠宝首饰设计与工艺,130513TK,,艺术学,设计学类,专业,设计学类,生效中
曲艺,1785684796745876,纪嘉澍,2023-12-19 14:44,纪嘉澍,2023-12-21 21:00,曲艺,130314TK,,艺术学,戏剧与影视学类,专业,戏剧与影视学类,生效中
音乐剧,1785684796743860,纪嘉澍,2023-12-19 14:44,纪嘉澍,2023-12-21 21:00,音乐剧,130315TK,,艺术学,戏剧与影视学类,专业,戏剧与影视学类,生效中
音乐教育,1785684796746932,纪嘉澍,2023-12-19 14:44,纪嘉澍,2023-12-21 21:00,音乐教育,130212T,,艺术学,音乐与舞蹈学类,专业,音乐与舞蹈学类,生效中
智能影像工程,1785684796745908,纪嘉澍,2023-12-19 14:44,纪嘉澍,2023-12-21 21:00,智能影像工程,101013T,,医学,医学技术类,专业,医学技术类,生效中
